Organism ,Viterbi Score,Data Set,Model,Sequence ,length
>[Caldanaerobacter_subterraneus_subsp._pacificus_DSM_12653],-536.4137864,thermophilic TRAINING,thermophilic,---------MMNTNDIVFALDIGTRVVVGIVAT-E----NNGKLEILASEQMEHQER----AMFDGQV-----HDIDKVAHVIL--SIKEKLENTLKIKLREVAIAAAG---RSLKTQFARAEKSLAEDH----EITLEDIHSLELEALEIAHKS---IVSKS---GITDYHTVGYTVSNYYLNGLPIANLK---------GHRGKEMAVEILATFLPFDVVEGLYASVKKSGLE-VSYITLEPIAAINVSLKPD-------I-RMLNIALVDIGAGTSDIAISKEG----NII----AYS-MVPYAGDEISEEIARHFLTDFATAEK---------------------------IKKS--TKKEIKFKDV--L---------GIEHTISREEVLEVIKPSVK----TLAQKI-------CEEIVKY---------------------------------NGKSP-SAVFLVGGSSNLPMLPEEIASFLKLPPNRVSVRDIKSVEI-------LHSRPKKLKGPESITPIGIAYSAMINKRKD-----------FVKVYVED--------------KLVKIFNIKSPTVMDALLAIDY----------------SSQNLIPQSGKDLTFTLNGEKMTIKGEEGIPP------------KIYVNGTLANLKTSIKEGDRISIIGGKKGKDAFITVRDL-------------------VKG------------AEN-------------KEIY---VNGKLADPDYSIKEGDEIRV-----------------------EDSIKSFSITVNGKEVLLK---------------GKRE--YMFIDLFNFIDIKLDNN-RVP-EM---KINGKKASYTDLLHPGDVIEII-----------------------------------------------,
>[Desulforamulus_ferrireducens],-561.9471009,thermophilic TRAINING,thermophilic,-----MAKVIFDENNTIFALDIGTRTVIGVVAT-F----VDGNIKVLAQSMVEHQSR----AMLSGQI-----HDIPKVAQAVQ--KVKEQLEKKLKVKLHKVAIAAAG---RSLKTIRCRVDQETTGEL----EIDQMQINALELLGVQRAQDSLEQDASQV---GKEKYYCVGHSVIGYYLDDFPINNLE---------GHRGKKIGAEVLATFLPVSVINSLHAVLARVGLE-QLYLTLEPIAACEVVIPEQ-------L-RLLNLALVDVGAGTSDIAIAKDG----TIT----AYG-MVPLAGDGITELIVEGLMVDFLTAES---------------------------IKRQLYLGKDIHFQDV--L---------GVSMTVSCEQVLQLVEPALE----KLAQEI-------TQNILEL---------------------------------NGQIPPKSVMCVGGGSQIPTLVERIARKLNLVQQRVVIRNRSNINC------LIQDKKKALSGPDGVTVIGIATLAYKKLGQN-----------FVTVSVNG--------------QCFTLFNRNRLNVLQALGMLEF----------------NPRELLGQNGKDLHFTLNGKPKTIFGELAKPA------------KITVNGHPANLQTLIKDGDVILVEKAVNGRDAAALVEDI-------------------LAEM-----MEQRKGQGM-------------PILT---LNGEVVAAKTPISPGDSLEIV--WWERAEVAAAKEDITEEKQESPQGIPLEVTVNGINIKME---------------GKRE--YILIDIFNYYDLDITSFSGQV-KI---KRNGNDAEYTEVLQNGDNIEISF----------------------------------------------,
>[Caldichromatium_japonicum],-443.0968195,thermophilic TRAINING,thermophilic,----------MMSGRYAIGIDLGTTHCALAWVDSEHSEGERVVLEVLPIPQLVAPGAVEARPLLPSFLYLPHPDEFQAGDLSLPWPSDPNRI---VGELARAQGSTTPIRLVASAKSWLCHPEVDRRAPI-------------LPPGVP-----------------AEIPQVS-PFAASVQYLDHLRQAWNEAH----PYAPLEALEVTVTVPASFDPAA-RELTAEAAHTVGIA-HLVLLEEPQAALYSWIQETQGGWRRQVRVGDVILVVDVGGGTTDLSLIAVTEQEGALELTRVAVGEHILLGGDNMDLALAYGLKDKLKANGV-----------ELDRWQMQALTYACRQAKETLLADPELERLPVVVPSRSSRLIGGSIRTELTRAEVETSLLEGFFPRVEVTSRPAMRPRAALTTLGLPYAHDPAITRHLAAFLSRQSGATQELAGFIAQPAESSFLRPTAVLFNGGVFKAEVLQERVMAVLNTW----L-DAEG----------APPARRLSAHDLDHAVAKGAAFYTYIRRHG----------------------------------------------GMRIRGGTSHSY------------------------------YVGVESAMPAVPGMEPELQALCLVPFGLEEGSPPVA------------------------------------------PPQEFGLIVGEPVRFRFFGSSVRRTD--QVGDLLDSWEEGELFELAEIQTTLNAEG-RKPGEIVAVR--L----QA--AVTEV--------------GTLELTAIPVDGGD--ERWRVAFNTRGQMG--------------------------------------------------------------------------------------------------,
>[Planctomycetota_bacterium],-443.8554765,thermophilic TRAINING,thermophilic,---------MTLTSRTIVGIDLGTTNTVVSVIDMERDEQQ-QRPEVWPVPQFVALGELEPRSPLPSAIYLPAEVELASPAWQLPWGPA-DAA---VGWFAREHGAKVPGRLVTSAKSWLCHRSADPEAPI-------------LPLHPA-----------------EGGRRIS-PVDAQRRILEHVARAWDHAY----PDRPIETEQLLLTVPASFDVIA-RSLTLNAAREAGLG-ELTLLEEPQAAFYAWLDAMGERWREHVQPGDVVLVCDVGGGTTDFSLIGCSERDGNLELERLAVGEHLLLGGDNMDLALAHRLASRLG---G-----------DLDPWQSRALWLEAARAKERLLTDPDLERVSVTIAGRGTQLVGAQRQAELERTDIEQIVLEGFFPRVGPEARPVERPRVGLQELGLPYAQDPAITRHLAAFLGRHTGDGQR------------VRWPTHVLFNGGVMQAPVLRERLLEVLRSW----S-G--------------KPVETLPGADLADAVARGAAYYGRVRRGR----------------------------------------------GIRIRGGSARSY------------------------------YVAFEAAVPAVPGLERPKHAVCVVPFGLEEGSTIEV------------------------------------------PGLEFGLVTGAPVEFELYGSTRRKED--RPGQLLERIP-DDLERLARLEAILDTDGEDGAGHVVPVG--L----RA--RLTEI--------------GTLELYCVARD-GS--RDWKLEVDLREHRR--------------------------------------------------------------------------------------------------,
>[Bacteroidota_bacterium],-444.3858742,thermophilic TRAINING,thermophilic,----------MSHPKYIVGIDLGTTHCVVAYTRADHDPHEEPEIRLFEIPQVVSPGEVKAQPLLPSFLFLPGPHDVPEGALALPWQPDATEA---VGEYARERGAEIPNRLVASAKSWLSHAGVDRTAPI-------------LPWDAP-----------------EDARRVS-PVEAATRYLAHIRGAWNHLMAATDPEARLEAQEIYLTVPASFDAVA-RELTVQAARAAGLE-HLTLLEEPQAAFYAWLEARGDAWREDIHVGESVLVCDVGGGTTDFSLIEVVEEDGNLDLRRAAVGDHILLGGDNMDLTLAYAVRARLAQQGT-----------RLDNWQFRALVHSCRKAKERLLSHPDLEAEPVVIPGRGSSLIGGTIRTELTRQEIEAILVQGFFPETAPDAFPERKPKVGMREMGLPYESDPAITRHLAYFLHRQAGTEGG------------PAFPSAVLFNGGVMKAGVLREQVLRVLRQW----S-G-------------NDALRALPSVDLDQAVALGAAYYGLARKGR----------------------------------------------GIRIRAGTAQTY------------------------------YIGVESAMPAVPGIPTPMKALCVVPFGMEEGTEADI------------------------------------------RGKEFGLVVGEQAVFHLLASNTRKTD--APGEIIEDWD-GELHEVTTMEAMLPATDAEGGGTVLPVW--L----HS--KVTEV--------------GTLELWCVARD-GD--RRWKLEFNLREGQESAPAPES-----------QA------------------------------------------------------------------------------,
>[Deltaproteobacteria_bacterium],-441.7555158,thermophilic TRAINING,thermophilic,----------MAGARYVVGIDLGTTNCAVAYVDTK----QGGDIRPLPIPQVVAPGEVEPRPTLPSFLLLPGPHEVQRGALALPWRDDPGWC---VGAFARDRGAELPHRLVASAKSWLCNAEVDLTEPI-------------LPWRSQ-AARDEDDG--------DGGERVS-PIEAAARYLGHIRAAWDHAF----PDAPLAEQDVLVTVPASFDAVA-TDLTARAARHAGLG-DVTLLEEPQAAFYAWLAASGDSWRERLHAGDVVLVVDIGGGTTDFSLIAVADDGGALALERVAVGDHILLGGDNIDLALAHLVAQRLGDKGR-----------TLSAKQRGALVHACRRAKEQLLADGGPDAVPIAVLGGGSKLIGGTLRAELTRADVDVLVVDGFFPPAALGDAPRERTRMGLGEVGLPYAADPAITRHLAHFLARHD------------------RRPTAILFNGGVMQSGRLRARVTEIASGW----F-G-------------GDPLPALAGTDLDLAVAHGAAYYGLVRRGD----------------------------------------------GVRIRGGLGRTY------------------------------YIGIETAMPAIPGFEPPVHALCVAPFGLEEGSRVDL------------------------------------------PDERFALVVGEPAEFRFFASTSRTDD--RPGQVVE-VD-GDIVELAPIRTRLDPGDGHDAGARVPVS--L----SA--NVTEL--------------GALELWCVARD-GS--GRWKLEYNVRETER--------------------------------------------------------------------------------------------------,
>[Saccharopolyspora_hirsuta],-512.5402373,thermophilic TRAINING,thermophilic,--------------MRVLSVDLGTSNTVAVLAA-H------GRPPRVI--------ELDGSATMPSAVFATE---------------DGGLI---VGRDAERRARLDPSRFEPNPKRRVDESTL--------------------------------------L--L-GDHVITVTDALAAVLHRVAEETTRQ-------LGGAQPDEVRLTHPAQWGSVR-RNVLLSAARLAGFNCNLVLVPEPVAAAAHFASFP----DRALGPGQVLAVYDLGAGTFDCAIVGAN--QSGFAVLA-EDGLG-DLGGLDVDQALLEHIGRQVSNKDPQRWQRLLRPDTTADRRAQRALREDVRAAKETLSRHPQT--EVPMPE--P------FEDVLVTRAELEGLVRPTMLRSVELLSSVL-------RSNGMA------------------------------------PEQLAGIYLVGGSSRLPLVASLIGEQLRV-------------------------VPTTLDQPETAVAFGAHHVARDGATMWTNDIR----------PAPTAQLGYR---------------EPD--TVRTRPVA-------------------------------------PPPVPQP--PVE--------S--------------------------------GSRRNLLIGLGALAAVAVLVAVVTIVLRVGGSSP-APSASE-------CFQPGPRDDKGFTACLRNLAGTV---PERANCAPG---------WQRVMP--GVREL-------------SGTV----VSCSIGNPNEGTQIVYTQLDSQEAAAARADLLLSFNGVHSDQV----EADWTGN-------GLSGSYRAVTGVDFGTLVFTVDDRPLVG---MLLQPNPGRDLRPDDLADEFEKTVQPGLA,
>[Tepidiforma_flava],-515.7613648,thermophilic TRAINING,thermophilic,-------------MTYALGVDIGTSYTAAAVWE-A------GRVDMLQ--------LGTRSASIPSVVLLRD---------------DGTVL---TGEAAERRAPAEPARVAREFKRRIGDPTP--------------------------------------L-IL-GGTPYG-AEALWGCLLRAAVEEAAR-------QRGEAPAAIVVTHPASFSQYK-LDLLDHAARAADLG-TIRLLPEPIAAAIHYASQ------ERVEPGAVLAVYDFGGGTFDASVLRKT--PDGFELLGQPEGLE-RLGGIDFDEAVFRHVLNSL----EGDWNGTGDPS---ARPAVQRLRDECREAKEALSYDTEAVVTAALPG--L------HTTVRITREEFEGAIGPRIRETVAALERSV-------RSAGLT------------------------------------MDGVDRILLVGGTSRIPLVAATVREMTGR-------------------------PVAVDTHPKHAVALGAALEAGSAL-------A----------ERPAASAGAT--------------PQPP--GEPAAGSQ-------------------------------------PRPAPEPLAPAA--------GPARVQLAAGGAPPG------EG-TADAVAAARGRPRGIVFAGAAVAAAAV-AGAAFLLFGRGGDEAAAPPAAADRATAAAATATGPAAAAAATPT---AAATT---AA-TVAAPTP--------TPTLAA--GTARI-------------TGIT----VSG------NRYSVAFETAGFQP-ALPGQHVHFFFDNVPPQQAGIPGTGPWFVY-------GGGSPFT----------GYTTADRPAAATAMCILVANPDHSVKQG-TGNCFPLPR-----,
>[Corynascus_similis_CBS_632.67],-432.0254574,thermophilic TRAINING,thermophilic,MSDTGAKPGPEPSERTVIGITFGNSNSSIAHVV-D------DKAEVIA--------NEDGDRQIPTILSYV----------------DGDEY---YGQQAKNFLVRNPKNTVAYFRDFLGKEFKSIDPTHNHASAHPQETGETVSFEVK----DKEGEE-------EAPSTLS-VSEVATRYLRRLVGSASD-------YLGKKVTSAVITVPTNFSDKQ-KAALVAAAAAADLE-VLQLISEPIAAVLAYDGRP----EAKI-EDKVIVVADLGGTRSDVAVVASR--GGMYTVLA-TVHDY-EFAGFALDKVLVDHFAKEFMKKNS------GAGDPRENARSLAKLKLEAEATKRALSLGTNASFSVESLLNGL------DFASTINRLRYETIARTVFEGINRLVESAV-------KKAGLD------------------------------------VLDVDEVILTGGTSHTPRIAGNLRYIFPQNTRILA-----------------PSTEATAINPSEAEARGAALQASLIQDYEAEDIEQSTHAAVTTVPHVANAIGVVSVNEAGEDVFVPIIPTDT--AVPARRTVHVSA--PNGGDVLVKVVEGNTHIK----------VTQPEPKPKEDGD------------------------------------------DK---KAKVE---DADD------SDEDDSDFSDD---EEEEEEKREKVW-------------KIGSTLAEA----AVKGVKKGGK-VEVSITV----NS-----DL-------------SVIVTAREVGGKGGVRGT---LASA--------------------------------------------------------------------------------------------------------,
>[Thermothelomyces_heterothallicus_CBS_202.75],-437.0409948,thermophilic TRAINING,thermophilic,MSDTAAKPGVEPSERTVIGITFGNSNSSIAHVV-D------DKAEVIA--------NEDGDRQIPTILSYV----------------EGDEY---YGQQAKNFLVRNPRNTIAYFRDFLGKEFKSIDPTHNHASAHPQETGETVSFTVK----DKDGEE-------EAPSTLS-VSEVATRYLRRLVGSASE-------YLGRKVTSAVITVPTNFTDKQ-KAALIEAAAAADLE-VLQLVSEPIAAILAYDGRP----EAKI-QDKIIVVADLGGTRSDVAVVASR--GGMYTVLA-TVHDY-EFAGFALDKVLVDHFAKEFMKKNS------GAGDPRENAKSLAKLKLEAEATKRALSLGTNASFSVESLLNGI------DFASTINRLRYETIGRAVFEGINRLVESAV-------KKAGLD------------------------------------VLDVDEVMLVGGTSHTPRIAANLRYIFPQSTRILA-----------------PSTETTAVNPSEAEARGAALQASLIRDYEAEDIEQSTHAAVTTVPHVSNAIGVVSVNEAGEDVFVPIVPPDT--AVPARRTVHVSA--PDGGDVLVKVVEGNTHIK----------VTQPEPKPKEDGG------------------------------------------DDDDKKAKVEDADDSDD------SDEDDSDFSDE---EEEEEEKREKVW-------------KIGSTLAEA----AVKGVKKGGK-VEVSITV----NS-----DL-------------SVIVTAREVGGKGAVRGT---LASA--------------------------------------------------------------------------------------------------------,
>[Thermoascus_aurantiacus_ATCC_26904],-437.490074,thermophilic TRAINING,thermophilic,--------MSDEVYDGAIGIDLGTTYSCVANYD-G------TNVEIIA--------NEQGSYTTPSYVSFT----------------EKERL---IGEAAKNQAAMNPKNTIFDIKRLIGRRFDDPVVQK---------DIESWPFKVV----DQGGNPVVEVEYLGETRTFS-PQEISSMVLMKMKEVAET-------KLGKKVSKAVITVPAYFNDNQ-RQATKDAGAIAGLN-VLRIINEPTAAAIAYGLGS----GKSD-KERNVLIYDLGGGTFDVSLLNIQ--GGVFTVKA-TAGDT-HLGGQDFDTNLLEYFKKEFQRKTN--------KDLSGDSRALRRLRTACERAKRTLSNATQTTVEIDSLFDGE------DFNAQITRARFEDLNAKAFASTLEPVQQVL-------KDAGLD------------------------------------KSDVDEIVLVGGSTRIPRIQKLLSDFFDGK------------------------KLEKSINPDEAVAYGAAVQAGILSGKATSADT----SDLLLLDVVPLSLGV----AMEGNIFAPVVPRGQ--TVPTIKKRTFTTVVDNQTTVQFPVYQGERTNCDDNTLLGEFTLSPIPPMKAGEAALE--------VVF--EVDVNGIL-----------KVTATEKSSGRSANITISNAV-GKL------SSTEIEKMISD-AAKFKSSDEAFAKK-------------FEARQQLESYISRVEEIISDPTMSLKLKRGNKEKIES--ALSDA-------------MAQLEIEDS-----TPDD---LKKKELALKRLITKAMA---------TR--------------------------------------------------------------------------------,
>[Fontisphaera_persica],-432.919564,thermophilic TRAINING,thermophilic,-------------MSKIVGIDLGTTNSLVAVVE-A------GIPYVIA--------DAEGNRLTPSVVHFPG--------------PEAEPL---VGHPAHRVRVLKPRETVYSIKRFMGRRGA--EIPR---------EEMLVTYPVR----GEGGGP-VQIDI--HGRTYT-PEEISAEILKKLKRDAER-------ALGEPVTRAVITVPAYFNDAQ-RNATKRAGELAGLT-VERIVNEPTAAALAYGLNR----L--K-EKSRIAVYDLGGGTFDLSILELN--QGVFQVLA-TNGNT-RLGGDDLDRRLVDFLVERIRAAGG--------PEATADLSMMSRLREAAEKAKIQLSTETEVEIALPFLTPHF------SYSYRLTREELERLTRDIIERTRAHCLRSL-------ADARVE------------------------------------PADLDQVILVGGQTRMPLVRRLVAEWFGCVDTEFA-EARGNLPLSEEPAPKKGPQLNTSQNPDEAVALGAAIQAEILSGGF---------QNVLLLDVTPLSLGI----ETFGGLMNVIIPRNS--TIPIKAGEMFTTAVDNQRSMLIHVLQGERERAKDNWSLGRFEIE-FEPAPKGVPRVG--------VQF--EIDANGIL-----------HVLARDIKTGRQKVVDIKSV--VDV------NDAEVQKMVEE-SIEHAFDDLRARQW-------------IEAKLRAGETLTATRKGLAECGQ--ELSAEYRQKIEQ--AMADV-------------EAVLAQEDPRTKTGDPAK---LKAANAALDEATRPLAD--LM------------------------------------MDKAMEAM---LKKKGL------I---------------------------,
>[Marinitoga_piezophila_KA3],-359.0769089,thermophilic TRAINING,thermophilic,----------MAEKEYVVGIDLGTTNSAIAWMKPD------GNVEVIP--------NAEGKRTTPSIVHFSK---------------DGTVI---VGEPAKRQVILHPDRTIRSIKRKMGSD--------------------------------------YKVSI--DSKSFT-PQQISAFVLQKLVRDAEA-------YLGGKIKKAVITVPAYFNDAQ-RQATKEAGEIAGLE-VLRIINEPTAASIAFGLNK----T--H-EDKKIVVYDLGGGTFDVSILDVG--EGVIEVVS-TSGNN-HLGGDDFDQRIIDWLVEEFKKEHG--------SDISNDRQAMQRLKEAAETAKIELSTKLETEINLPFLTVVN--GQPVHLQKTLTRKKFEELVRDLIESTRGPIETAL-------KDAGLS------------------------------------PEEIDDVLLVGGSTRIPAVQELVKSIFH-K------------------------EPSKGVNPDEAVAIGAAVQAAIMTGNT----D----QDLVLVDVTPLSLGV----EVKGGLMEIIIPKNS--KIPIRKSKVFTTAADFQTEVEIGVFQGERPIAKDNFFLGSFKLTGIPPAPRGVPQIE--------VSF--DIDANGIV-----------NVSAKDLGTGKQQSMVVTGR--NKL------SSEDIERMIRE-AQEYEEQDKRKREE-------------IELKNQADDLAYQVEKLINENKD--KVPEDQKARLET--LINDV-------------RDAINNNDIA-------K---LKIVMEDLKNESMKLGQ--LIYQQAQQTANADAGAA------GPNPEDTQ--NPNN----------------------------------------------------,
>[Thermus_thermophilus_HB8],-334.9187272,thermophilic TRAINING,thermophilic,-------------MAKAVGIDLGTTNSVIAVLE-G------GKPVVLE--------NAEGERVTPSVVAFR----------------DGETL---VGRMAKRQAVLNPEGTIFEIKRFIGRRFE--EVQE---------EAKRVPYKVV----PGPDGG-VRVEV--KGKLYT-PEEISAMILRKLVEDASK-------KLGEKITKAVITVPAYFNNAQ-REATANAGRIAGLE-VLRIINEPTAAALAYGLDK----K----GNETVLVFDLGGGTFDVTILEIG--EGVFEVKA-TSGDT-HLGGSDMDHAIVNWLAEEFKKEHG--------VDLKADRQALQRLIEAAEKAKIELSSTLETTISLPFIALDPASKTPLHLEKKLTRAKFEELIQPLLKRLRGPVEQAL-------KDAGLT------------------------------------PAQIDEVILVGGATRVPAVQQVVRELLG-K------------------------EPNRSVNPDEVVAMGAAIQAGVLMGEV---------RDVVLLDVTPLSLGV----ETKGGVMTVLIPRNT--TIPTRKCEIFTTAEHNQTAVEIHVLQGERPMAQDNKSLGRFRLEGIPPMPAGVPQIE--------VCF--DIDANGIL-----------HVTAKERSTGREASITIQNT--TTL------SEEEIQRIIEE-AKRHAEEDRRRREH-------------AELKNALDSARVQAERVLQERQG--APE--ARARLEA--AIGKA-------------KELVERDAPD----------------PELKAATEELLKAVEEYE-------KG-------------AQAASGKGPDDVIDADYKPA---D---------------------------------------,
>[Pyrinomonas_methylaliphatogenes],-318.9241787,thermophilic TRAINING,thermophilic,-------------MAKAVGIDLGTTNSVVAVME-G------DKPTVII--------NSEGGRVTPSVVAFTK---------------TGERL---VGQVAKRQAVLNPERTIYSIKRFMGRRYS--EVTQ---------EIKQVPYKVV----PGPNDA-VRVEI--DGKLYS-PEEISAMILRKLVDEASR-------YLGERVTEAVITVPAYFNDAQ-RQATKDAGTIAGLN-VLRIINEPTAAALAYGLDK----K----KNETILVFDLGGGTFDVSILEVG--DGVFEVKA-TSGDT-HLGGDDFDKRIVDWMLEEFKRDQG--------IDLSRDRQALQRLTEAAEKAKIELSSTMETEINLPFITADA--SGPKHLLMKLTRAKFEQLTHDLVERCMGPVQQAL-------ADAKLT------------------------------------PDKIDEVILVGGATRIPAVKELVKRLTGGK------------------------EPNQSVNPDEVVAVGAAIQAAVLKGEV---------KDVLLLDVTPLSLGV----ETLGGVMTKLIPRNT--TIPTRKSEIFSTAEDNQTAVDIHVLQGERELARDNRTLGRFRLEGIAPAPRGVPQIE--------VTF--DIDANGIL-----------NVSAKDLATGKEQKITITGS--TSL------DKSEIERMIRD-AEQHAEEDRRRREL-------------VEARNNADSLAYQVERSLRDLGD--RVPVNERARAEQ--LISEI-------------RSAIKDDSVGID-----R---LRQLTSDLQQISHAIAS--AAYQQTTSAGAGA-------------TSGTSGGSGDDVIDAEYTPK---N---------------------------------------,
>[Sulfobacillus_acidophilus_DSM_10332],-321.2193729,thermophilic TRAINING,thermophilic,-------------MGKVVGIDLGTTNSVIAVME-G------GQPTVIL--------NTEGSRLTPSVVAFTK---------------NGERL---VGQLARRQAVMNPENTVFSIKRFIGRRFD--EVGD---------ERGRVPYKVV----QGPNNQ-VRVDLPNAGKAMT-PEEISAMVLAKLKADAEK-------YLGETISQAVITVPAYFNDAQ-RQATKDAGKIAGLE-VLRIINEPTAAALAYGLDK----K----KNETILVWDLGGGTFDVSVLEVG--DGVFEVKS-TSGDT-HLGGDDYDMRLVDYIADEFKKEYG--------IDLRQDRQALQRLIEAAEKAKIELSSVTETQISLPFITADQ--TGPKHLEQKITRAKFEELTHDLTERCIGPFRQAL-------ADAKLS------------------------------------ESQIDEVILVGGSTRMPVIQELVKRLTG-K------------------------EPHRGVNPDEVVAIGAAIQGGVLAGEV---------KDVILLDVTPLSLGI----ETLGGVFSKLIERNT--TIPTRKSQIFTTAADNQTSVEIHVLQGERPMAKDNRTLARFSLTDIPPAPRGIPQIE--------VTF--DIDANGIV-----------NVSAKDLGTGKEQRITVTAS--TQL------TKEEVERMVRE-AQEKAAEDERMREL-------------AETRNRAESMVYATEKSLKELGD--KVSAADRQEAEA--AIQAV-------------RDVMQKEDKE-------A---IESALSRLEASAHKLAQ--QVYQSQAASGQT--------------PPEAGGGDQGDVIDADFRPS---E---------------------------------------,
>[Hippea_maritima_DSM_10411],-330.1423395,thermophilic TRAINING,thermophilic,-------------MGKVLGIDLGTTNSCMAIIE-G------GKPRVIP--------NAEGTNTTPSVVAFTD---------------KGEIL---VGHAAKRQAITNPTRTIFSVKRLIGRRFGSKEAQE---------AISRLPYKVV----EGPNGD-CRIQI--DGKEYT-PQEISAKILQKLKSDAEA-------FLGEKITDVVITVPAYFDDSQ-RKATKDAGKIAGLN-VLRIINEPTASSLAFGLDR----E----KEGKIAVYDLGGGTFDISILEIG--DGVFEVKS-TNGDT-YLGGDDFDKALIDYVADEFQKENG--------IDLRKDAMALQRLKEACEKAKIELSSALETEINLPFITADS--SGPKHLVMKITRSKFEQLVMPLIERTLEPCRLAL-------KDAGLQ------------------------------------PSDIDHVILVGGMTRMPKIREVVKEFFG-K------------------------EPRKDINPDEAVALGAAIQGGVLKGDV---------KDVLLLDVTPLSLGI----ETLGGVMTKIIPRNT--TIPTRKSQIFTTAEDNQTAVTIHVLQGERELAKDNKTLGKFELVGIPPAPRGIPQIE--------VTF--DIDANGIL-----------NVTAKDKATGKEQAIRITAS--SGL------TEEEIEKMVKE-AEAHAEEDRRRREL-------------IETKNKADSLIYSTEKSLKDFGD--KVSDEEKKQIQE--AIDNL-------------KKAMESDSKE-------E---IEKAMEELARKSHKLAE--EAYKKAQAESKEGQTEDQTQ-------ANSSNKDEEEVVEAEVEED---NTSK------------------------------------,
>[Thermodesulfatator_indicus_DSM_15286],-333.4283559,thermophilic TRAINING,thermophilic,---------MSEKNVKPFGIDLGTTNSCMAIYE-A------GEPKVIP--------NQEGTRTTPSVVAFLE---------------DGQIL---VGQLAKRQAITNAENTIFGIKRLMGRKFKDPVVQE---------WAKRVPYKIV----EAPNGD-AHVEV--RGKRYS-PPEISAMILRKLKEDAKE-------YLGSDVTEAVITVPAYFDDSQ-RQATKDAGRIAGLD-VKRIINEPTAACLAYGLDK----K----KEGTVAVFDLGGGTFDISILEIG--EGVFEVKA-TSGDT-FLGGEDFDMRLVDYIAEEFKKEHG--------IDLRQDRMALQRLKEAAEKAKIELSTVQETEINLPFITADA--SGPKHLVMKITRAKLESLCQDLLDRLEEPCRIAM-------KDAGIT------------------------------------PQDIDEVLLVGGMTRMPAVQRKVKEIFG-K------------------------EPVKGVNPDEVVAMGAAIQAGVLKGEV---------KDVLLLDVTPLSLGI----ETLGGVFTVIIPRGT--TIPTRKSQIFTTAADNQTSVTIHVLQGERPMAKDNKSIARFELVGIPPAPRGVPQIE--------VTF--DIDADGIL-----------NVTAKDLATGKEQSVVVKPS--SGL------SEEEIQKMIKE-AEMHAEEDRRRKEL-------------IEARNQADSIIYSVEKSLSELGD--KVPEDLRKEVQE--KIDNL-------------RKVMEGDDIE-------A---IRKATEELTQASYRLAE--MAYKHAQAGQAGQAGGAGAQGAAGGEAGSSDKKGGDDVIDADFEEM---K---------------------------------------,
>[Thermovirga_lienii_DSM_17291],-320.1297764,thermophilic TRAINING,thermophilic,-------------MSKVIGIDLGTTNSCVAVKE-G------DNITVIP--------NAEGGRTTPSVVAFTK---------------EKEIL---VGQLAKRQAIVNPERTIISIKRHMGTD--------------------------------------HKVDI--EEKSYT-PQEISAMILQKLKRDAEA-------YLGEKVTKAVITVPAYFTDSQ-RQATKDAGKIAGLE-VLRIINEPTAAALAYGMDK----S----GDHKVLVFDLGGGTFDVSILDVGLDDGVIEVLA-TAGDN-HLGGDDWDQRIIDWMVSEFRRTEG--------VDLSRDKMAMQRLKEAAEKAKCELSSMTETTISLPFITADA--SGPKHLEMTLTRAKFEEMTRDLLDRVVGPVRRAI-------EDSGLS------------------------------------TQDIDKILLVGGSTRMPMVQKKIVEMLG-K------------------------EPTKGINPDECVAVGAAIQGAILSGEH---------KDIVLVDVTPLSLGI----ETLGGVFTKIIERNT--AIPVSRSQVFSTASDNQTQVEIHVLQGERPMAADNVTLGRFILDGIPPAPRGIPQIE--------VTF--DIDANGIL-----------KVSAKDKGTNREQHIRIES---SNL------KEEEIERMRKE-AEENEEKDRQRKEL-------------AEARNEADSVAYSAEKALKDFRE--KFTEEEIKRLET--ELDNL-------------KEKAKGENIG-------A---IKEASKKLMSLVHELSA--RIYNQSGSRDDGFA-EG-----------HDEGQSHEDTMDAEFNEE---HSA-------------------------------------,
>[Exiguobacterium_sp._AT1b],-301.9504307,thermophilic TRAINING,thermophilic,-------------MGKIIGIDLGTTNSCVAVME-G------GEAVVIS--------NAEGNRTTPSVVAF-K---------------GEERQ---VGEVAKRQAITNPN-TIQSIKRHMGTS--------------------------------------HTVDV--DGKKFT-PQEISAIILQKLKKDAED-------YLGESVTEAVITVPAYFNDAE-RQATKDAGKIAGLD-VKRIINEPTAAALAYGLDK----G----EDHTILIYDLGGGTFDVSILELG--DGVFEVVA-TAGDN-RLGGDDFDQKVIDYLVAEFKKENG--------IDLGKDKMALQRLKDAAEKAKKDLSGVTSAHISLPFITAGE--AGPLHLEMTLTRAKFEELTADLVERTMEPTRRAL-------KDAGLT------------------------------------PSDLDKIILVGGSTRIPAVQKAIHDFTK-K------------------------EPFKGVNPDEVVALGAAIQGGVLAGDV---------KDVVLLDVTPLSLGI----ETMGGVMTKLIDRNT--TIPTSKSQVFSTAADNQPAVDIHVLQGERPMAPDNKTLGRFQLTDIPPAPRGVPQIE--------VKF--DIDANGIV-----------HVSAKDLGTNKEQSITIQSS--SGI------DEAEIERMVKE-AEANAEADNKRKEE-------------AELRNETDQLVFATDKAIKDLGE--QVEEADKEKAEA--AKEKA-------------KTALEGSDLE-------A---IRTAKDELSAVVQELTQ--KVYAKMAEQQGAEG--A---------EPQAEAKQDDNVVDAEFEDL---DDRK------------------------------------,
>[Heyndrickxia_coagulans_2-6],-280.7838701,thermophilic TRAINING,thermophilic,-------------MSKIIGIDLGTTNSCVAVLE-G------GEPKVIP--------NPEGGRTTPSVVAF-K---------------NGERL---VGEVAKRQAITNPN-TIISIKRHMGTT--------------------------------------HKVTA--EGKEYT-PQEISAMILQYLKSYAED-------YLGEKVEKAVITVPAYFNDAQ-RQATKDAGKIAGLE-VERIINEPTAAALAYGLDK----T--D-EDQTILVFDLGGGTFDVSILELG--DGVFEVNA-TAGDN-HLGGDDFDQAIIDYLVSEFKKEHG--------IDLSKDKMALQRLKDAAEKAKKDLSGVTSTQISLPFITAGE--SGPLHLEMTLTRAKFDELTADLVERTMGPTRQAL-------QDAGLT------------------------------------ANDIDKVILVGGSTRIPAVQEAIRKEIG-K------------------------EPHKGVNPDEVVAMGAAIQGGVLTGDV---------KDVVLLDVTPLSLGI----ETMGGVFTKLIERNT--TIPTSKSQIFSTAADNQTAVDIHVLQGERPMAADNKTLGRFQLTDIPPAPRGIPQIE--------VTF--DIDKNGIV-----------NVSAKDLGTGKQQKITIKSS--TTL------SDEEIERMVKE-AEANAEKDKKRKEE-------------AELRNEADQLVFTAEKTLKELEG--KVDASEISKAEK--AKDEL-------------KAAIEKNDLN-------E---MRQKKDALQEIVQDLSV--KLYQQAAQQQQN-T--D----------AGGDGKKDDNVVDADFEEV---DDNKK-----------------------------------,
>[Anoxybacillus_flavithermus_WK1],-270.8124723,thermophilic TRAINING,thermophilic,-------------MSKIIGIDLGTTNSCVAVLE-G------GEPKVIP--------NPEGGRTTPSVVAF-K---------------NGERL---VGEVAKRQAITNPN-TIISIKRHMGTD--------------------------------------YKVQI--EGKEYT-PQQISAMILQYLKSYAEA-------YLGEPVTRAVITVPAYFNDAQ-RQATKDAGRIAGLE-VERIINEPTAAALAYGLDK----M--D-EDQTILVYDLGGGTFDVSILELG--DGVFEVKA-TAGDN-HLGGDDFDQVIIDYLVEEFKKEHG--------IDLSKDKMALQRLKDAAEKAKKELSGVMQTQISLPFISANE--NGPLHLEMTLTRAKFEELSAHLVERTMGPVRQAL-------KDAGLT------------------------------------PADIDKVILVGGSTRIPAVQEAIKKEIG-K------------------------EPHKGVNPDEVVAIGAAIQGGVIAGDV---------KDVVLLDVTPLSLGI----ETMGGVFTKLIERNT--TIPTSKSQIFTTAADNQTAVDIHVLQGERPMAADNKTLGRFQLTDIPPAPRGVPQIE--------VTF--DIDANGIV-----------HVRAKDLGTNKEQSITIKSS--SGL------SEEEIQRMIKE-AEENAEADRKRKEE-------------VELRNEADHLIFTTEKTLKELEG--KVDEADVKKAQE--AKDAL-------------KAALDGKDIE-------D---IRAKKNALQEVVQQLSV--KLYEQAAKQAQAQQ--S----------EG---KKDDNVVDAEFEEV---KEDK------------------------------------,
>[Geobacillus_kaustophilus_HTA426],-271.5218618,thermophilic TRAINING,thermophilic,-------------MSKIIGIDLGTTNSCVAVLE-G------GEVKVIP--------NPEGNRTTPSVVAF-K---------------NGERL---VGEVAKRQAITNPN-TIISIKRHMGTD--------------------------------------YKVEI--EGKQYT-PQEISAIILQYLKSYAED-------YLGEPVTRAVITVPAYFNDAQ-RQATKDAGRIAGLE-VERIINEPTAAALAYGLDK----E----EDQTILVYDLGGGTFDVSILELG--DGVFEVKA-TAGDN-HLGGDDFDQVIIDYLVNQFKQEHG--------IDLSKDKMALQRLKDAAEKAKKELSGVTQTQISLPFISANE--NGPLHLEMTLTRAKFEELSAHLVERTMGPVRQAL-------QDAGLT------------------------------------PADIDKVILVGGSTRIPAVQEAIKRELG-K------------------------EPHKGVNPDEVVAIGAAIQGGVIAGEV---------KDVVLLDVTPLSLGI----ETMGGVFTKLIERNT--TIPTSKSQVFTTAADNQTTVDIHVLQGERPMAADNKSLGRFQLTGIPPAPRGVPQIE--------VTF--DIDANGIV-----------HVRAKDLGTNKEQSITIKSS--SGL------SEEEIQRMIKE-AEENAEADRKRKEA-------------AELRNEADQLIFMTDKTLKEVEG--KVSADEIKKAQD--AKEAL-------------KAALEKNDID-------D---IRKKKDALQEAVQQLSI--KLYEQAAKQAQSAG--S----------QGGAANHKDNVVDAEFEEV---NDDK------------------------------------,
>[Syntrophothermus_lipocalidus_DSM_12680],-291.2319508,thermophilic TRAINING,thermophilic,-------------MGKVVGIDLGTTNSVIAVME-G------NDVTVIP--------NAEGERITPSVVGFAK---------------NGERL---VGRVAKRQAVTNPDRTVLSIKRHMGTD--------------------------------------HRVKI--DDKNYT-PQEISAMILQKLKTDAES-------YLGEPITKAVITVPAYFTDSQ-RQATKDAGTIAGLE-VLRIINEPTAAALAYGLDK----E----GTQTILVFDLGGGTFDVSILEIG--DGVFEVKA-TSGNN-RLGGDDFDERIIQYLVENFKKEYG--------VDLRNDKMAMQRLKEAAEKAKHELSTLMTTNINIPFITATS--EGPLHLDTNLTRAKFEELTADLVEKTMGPTRQAL-------QDAGLT------------------------------------PDKIDKVILVGGSTRIPAVQKAIRDFIG-K------------------------EPYKGINPDEVVAVGAAIQAAVLAGEV---------RDVVLLDVTPLSLGI----ETLGGVFTKIIDRNT--TIPTSKSQVFTTAADNQTSVDIHVLQGERAMAKDNVTLGRFQLVGIPPAPRGVPQIE--------VKF--DIDVNGIV-----------HVSAKDLATGKEQKITITSS--SGL------SKEDIEKMVKD-AEKYAEEDKKKREE-------------AEIKNQADSMIYQAEKTVKDFGD--KADRADVDRVKA--AKEEL-------------QKALEGGDLE-------E---IRKKTENLTTAVYELSS--KMYQQAGPNQPGKD-D---------------------VVDADYNVG---EEAK------------------------------------,
>[Thermoanaerobacter_sp._YS13],-295.0358031,thermophilic TRAINING,thermophilic,-------------MGKVIGIDLGTTFSCVAVME-G------GQPVVIP--------NAEGARTTPSVVAFTK---------------EGERL---VGQVAKRQAIVNPDRTIMSIKRHMGTD--------------------------------------YKVKI--DDKEYT-PQEISAMILQKLKADAEA-------YLGEKVTQAVITVPAYFNDSQ-RQATKDAGRIAGLE-VLRIINEPTAAALAYGLDK----E----GNQKIMVYDLGGGTFDVSILEIG--EGVFEVLA-TSGNN-HLGGDDFDQRIIDWLADNFKKEYG--------IDLRNDRMALQRLKDAAEKAKIELSSATVTNINLPFITADA--TGPKHIDVNLTRAKFEELISDLVESTVGPVNQAL-------SDAGLK------------------------------------PSDIDKVILIGGSTRVPLVQETVKRIMG-K------------------------EPHKGINPDEAVAIGAAIQAAVLAGEV---------KDILLLDVTPLSLGI----ETLGGVFTKIIERNT--TIPTRKSQIFTTAADNQTSVEIHVLQGERPMAKDNKTLGRFILSGIPPAPRGVPQIE--------VTF--DIDANGIV-----------HVSAKDLGTGKSQDITITST--TNL------SEEEIQRMINE-AKQYEEQDRKKKEE-------------IEIRNKADSLIYQAEKTMKDLGD--KVTQAEKDEINR--EIENV-------------RKALEGSDIE-------A---IKNASEKLSQAFYKVST--RIYQQAGGQTGGAT-NT---------GSAGQGTTQDNVYEANYKVE---DDDNK-----------------------------------,
>[Thermus_thermophilus_HB8_TEST] sp|Q56235.2|DNAK_THET8 RecName: Full=Chaperone protein DnaK; AltName: Full=HSP70; AltName: Full=Heat shock 70 kDa protein; AltName: Full=Heat shock protein 70,-334.9187272,thermophilic TEST ,thermophilic,MAKAVGIDLGTTNSVIAVLEGGKPVVLENAEGERVTPSVVAFRDGETLVGRMAKRQAVLNPEGTIFEIKRFIGRRFEEVQEEAKRVPYKVVPGPDGGVRVEVKGKLYTPEEISAMILRKLVEDASKKLGEKITKAVITVPAYFNNAQREATANAGRIAGLEVLRIINEPTAAALAYGLDKKGNETVLVFDLGGGTFDVTILEIGEGVFEVKATSGDTHLGGSDMDHAIVNWLAEEFKKEHGVDLKADRQALQRLIEAAEKAKIELSSTLETTISLPFIALDPASKTPLHLEKKLTRAKFEELIQPLLKRLRGPVEQALKDAGLTPAQIDEVILVGGATRVPAVQQVVRELLGKEPNRSVNPDEVVAMGAAIQAGVLMGEVRDVVLLDVTPLSLGVETKGGVMTVLIPRNTTIPTRKCEIFTTAEHNQTAVEIHVLQGERPMAQDNKSLGRFRLEGIPPMPAGVPQIEVCFDIDANGILHVTAKERSTGREASITIQNTTTLSEEEIQRIIEEAKRHAEEDRRRREHAELKNALDSARVQAERVLQERQGAPEARARLEAAIGKAKELVERDAPDPELKAATEELLKAVEEYEKGAQAASGKGPDDVIDADYKPAD,
>[Thermothelomyces_heterothallicus_CBS_202.75_TEST] KAL2180955.1 Hsp70 protein-domain-containing protein,-437.0409948,thermophilic TEST ,thermophilic,MSDTAAKPGVEPSERTVIGITFGNSNSSIAHVVDDKAEVIANEDGDRQIPTILSYVEGDEYYGQQAKNFLVRNPRNTIAYFRDFLGKEFKSIDPTHNHASAHPQETGETVSFTVKDKDGEEEAPSTLSVSEVATRYLRRLVGSASEYLGRKVTSAVITVPTNFTDKQKAALIEAAAAADLEVLQLVSEPIAAILAYDGRPEAKIQDKIIVVADLGGTRSDVAVVASRGGMYTVLATVHDYEFAGFALDKVLVDHFAKEFMKKNSGAGDPRENAKSLAKLKLEAEATKRALSLGTNASFSVESLLNGIDFASTINRLRYETIGRAVFEGINRLVESAVKKAGLDVLDVDEVMLVGGTSHTPRIAANLRYIFPQSTRILAPSTETTAVNPSEAEARGAALQASLIRDYEAEDIEQSTHAAVTTVPHVSNAIGVVSVNEAGEDVFVPIVPPDTAVPARRTVHVSAPDGGDVLVKVVEGNTHIKVTQPEPKPKEDGGDDDDKKAKVEDADDSDDSDEDDSDFSDEEEEEEEKREKVWKIGSTLAEAAVKGVKKGGKVEVSITVNSDLSVIVTAREVGGKGAVRGTLASA,
>[Methanosarcina_thermophila_TM-1_TEST] CAB59514.1 heat shock protein 70,-405.6212959,thermophilic TEST ,thermophilic,MGKILGIDLGTTNSCMAVMEGGEAVVIPNAEGARTTPSVVGFSKKGEKLVGQVAKRQAISNPENTVYSIKRHMGEPNYKVTLQGKHNTPQEISAMILQKLKADAEAYLGEEIKQAVITVPAYFNDAQRQATKDAGTIAGLEVLRIINEPTAASLAYGLDKGEVEQTILVYDLGGGTFDVSILEIGGGVFEVKATSGDTHLGGDDFDQRIVNYLLAEFKKTEGIDLSKDRAVLQRLTDAAEKAKIELSGVASTNINLPFLTVGPDGEPKHLDIDLTRAQFQKMTEDLLEKTLVSMRQALSDAKLTPNDIDKVILIGGATRMPAVVELVENFTGKKPYKNINPDEAVAIGAAIQAGVLGGEVKDILLLDVTPLTLGIETLGGIATPLIPRNTTIPTRKSQIFSTAADNQPSVEIHVLQGERGIASENKTLGRFTLDGIPPAPRGVPQIEVTFDIDANGILHVSAKDLGTGREQSISIQKPGGLTDAEIERMIKDAELHAEEDRKRKEEVETRNNAETLINAAEKTLKEAGDVATEDQKSKVNAAIDDLKKALEGKDAEEIKAKTEALQEAIYPISTAMYQKAAQQAQQAAGGAAGRTDAKGPEETVVDAIMR,
>[Planctomycetota_bacterium_TEST] RMG18613.1 MAG: Hsp70 family protein,-683.6816861,thermophilic TEST ,thermophilic,MSNEEEKTGSPYVVGIDLGTTNCAVAYVDAELEEGDEGYGQVEVFEIPQLVRAGTVKAQRLLPSFLYLPGEHEVSEAAAALPFEAPEGTIVGAWARDQGAKVPHRLVSSAKSWLCHPGIDRRGAVLPWEADGEEVAKVSPLEAQTRLLRYIRAAWDSVMAADEPAYALAEQEVFLTVPASFDPTARELTVEAARAAGLERVTLLEEPQAAFYAWLEQQGDTWRERLSVGDLVLVLDVGGGTTDLTLIAVREAEGNLVLERVAVGDHLLLGGDNMDLALAHVVATRLGEKGKKLNAWQSRALWLACRAAKETLLSKDKASAPVSVLGRGSKLIGGTLKTELLREDIEKVVFQGFFPACSAEDRPTQRGGAGLAEIGLPFAADAAITRHVAAFLAAQDAEDGTVDGFAYPSALLFNGGVFKGQPMRDAAVKVIDSWLKKAKRDPVEVLAGEDLDLAVARGAAYYGNVRRGRGVRIRGGLGRTYYVGIESSLPAVPGMPAPVKALCAAPFGLEEGSTVDVGDREFSLLVGRPAQFRFFGSTTRKDDEPGDLLDSWEEGELEELSSLEVTLDPGEGLRPGSVIPVTLQATATEVGTLEVHCVARDGRRFKLEWNVREEGE,
>[Spirochaeta_thermophila_DSM_6192_TEST] ADN02804.1 chaperone protein Dank,-397.7740827,thermophilic TEST ,thermophilic,MGKIIGIDLGTTNSCVAVMEGNEPVVIANSEGQRTTPSVVAFLPNGERLVGQPAKNQMITNPENTIYSIKRFMGRQYSEVGEEIRMVPYKVTQDSRGAVRVEVLGKQYSPEEISAAILQKMKKTAEDYLGEPVTEAVITVPAYFNDAQRQATKDAGRIAGLEVKRILNEPTAAALAYGLGKDQSKEQKIAVFDLGGGTFDISILELGDGVFEVKSTNGDTHLGGDDFDQRIIEWLVENFKKDYGIDLSQDRMALQRLKEAAEKAKKELSTLQETEINLPFITADASGPKHLRYTLTRAKFEQLIEDLLERTKGPCHNALKDAGLKPEDVDVVILVGGSTRVPAVQRIVKEIFGKEPHKGVNPDEVVAMGAAIQAGIIAGDVKDVLLLDVIPLSLGIETLGGVFTKIIERNTTIPTRKTQIFSTATDNQTAVTIHVLQGEREMASQNRSLARFDLVGIPPAPRGVPQIEVTFDVDANGILHVSAKDLATGKEQKIRVEPTSGLNEAEIQRMIREAEANAEADRKARERAEARNEADNLIYYTEKTLRELGDKVGAGDREQIEKAIADLKAVMDSGSTEEIKAKIEVLRQASYKIAEEVYKRAQAGGDVSGGAGGAQGASGKGDVEDADYEVVDDNK,
>[Pseudoalteromonas_sp._DL-6_TEST] QBJ64650.1 molecular chaperone DnaK,-494.0909014,psychrophilic TEST,thermophilic,MGRIIGIDLGTTNSCVAVLDGDKARVIENAEGDRTTPSIIAYTQDGETLVGQPAKRQAVTNPTNTLFAIKRLIGRRFEDEEVQRDIGIMPFKIIKADNGDAWVEAGGEKRAAPQISAEVLKKMKKTAEDFLGEEVTEAVITVPAYFNDSQRQATKDAGRIAGLEVKRIINEPTAAALAYGMDKNRGENVVAVYDLGGGTFDLSIIEIDEVEGEHTFEVLATNGDTHLGGEDFDNRVINYLVAEFKKDQGIDLHNDPLAMQRVKEAAEKAKIELSSAQSTEVNLPYVTADASGPKHMNVKLTRAKLESLVEDLITKSIEPLKRALADADLTVNDINDIILVGGQTRMPLVQKTVAEFFGKEPRKDVNPDEAVAVGAAIQGGVLAGDVKDVLLLDVSPLSLGIETMGSVMTALIEKNTTIPTKKSQTFSTAEDNQSAVTIHVLQGERKRSSDNKSLGQFNLEGIRPAQRGTPQIEVTFDVDADGILHVSAKDKDTGKEQKITIQASSGLSDEEVEKMVRDAEAHAEDDKKFEELVAARNQADALVHGTRKQIEEAGDALPSEDKEAIEAAVVDLEGAIKSDDKAEIEAKTQALAEKSQKLMEIAQAKAQQAGGDAGAEQQQSAKQDDDVVDAEFEEVKDDK,
>[Psychrobacter_sp._SC65A.3_TEST] WAI89090.1 Chaperone protein DnaK,-519.0036974,psychrophilic TEST,thermophilic,MGKVIGIDLGTTNSCVAVMEGDKVKIIENAEGTRTTPSIVAYKDDEILVGQSAKRQAVTNPNNTLFAIKRLIGRRFDDKVVQKDIGMVPYKIAKADNGDAWVEINGKKLAPPQVSAEILKKMKKTAEDYLGEAVTEAVVTVPAYFNDSQRQATKDAGKIAGLDVKRIINEPTAAALAYGMDKKQGDSTVAVYDLGGGTFDVSIIEIADVDGEQQFEVLATNGDTFLGGEDFDSALIDFLVAEFKKDQDVNLKGDSLAMQRLKEAAEKAKIELSSAQSTEVNLPYITADSSGPKHLVVTISRSKLESLTEELVQRTMGPCKIALEDAGIKIGDIDDVILVGGQTRMPLVQQKVQEFFGQEPRKDVNPDEAVAAGAAIQGAVLSGEKTDVLLLDVTPLTLGIETMGGILTPIIEKNTMIPTKKSQVFSTAEDNQPAVSIQVYQGERKIANQNKQLGRFDLTDIPPAPRGLPQIEVSFDINADGIMNISATDKGTGKAQSIQIKADSGLSDEEVEQMIRDAEANAAEDEKFANLAQVRNEADGRIHAVQKALKDAADKVSDDEKSSVEAAISELEAAAKEDDHEEIKAKLEALDNAFLPVSQKIYADAGASAEGMDPNQFQQGADNAGESNQADDDVVDAEFTEVEDDKK,
>[Rhodonellum_psychrophilum_GCM71_=_DSM_17998_TEST] ERM84768.1 molecular chaperone DnaK,-490.3401777,psychrophilic TEST,thermophilic,MGKIIGIDLGTTNSCVAVMEGNEPVVIQNSEGRRTTPSIVAFLDNGNGERKVGDPAKRQAITNPTNTISSVKRFMGKRFSEVSEEKKHASYKIEQGPNDTISVKIGDRSYTPQELSAMILQKMKTTAEDFLGHEVTEAVITVPAYFNDAERQATKEAGVIAGLEVKRIINEPTAAALAYGMDKKNQDMKIAVYDLGGGTFDISILELGDGVFEVKSTNGDVHLGGDDFDQVIINWLADEFKSEEQIDLRNDPMALQRLKEASEKAKIELSSSSTTEINLPYITATQTGPKHLVRTLTRAKFEQLADSLVKRSMEPCKKALADSGFSASEIDEVILVGGSTRIPKIQEEVEKFFGKKPSKGVNPDEVVAIGAAIQGGVLTGEVKDVLLLDVTPLSLGIETMGGVFTKLIESNTTIPTKKSEVFSTAADNQPAVDIHVLQGERPLAKDNRTIGRFQLSDIPPSQRGVPQIEVTFDIDANGILNVSAKDKGTGKEQKIKIEASSGLTQEEIQRMKSEAEANAVTDKAEKEKIEKLNQADSLIFQTEKQLKEYGDKLSEGNKANVSGALEALKTAHQTQNLESIDSATENLNKAWEGASQEMYNSTQGGPGAQDAGGDASGTGSADAGDGVSDVDYEEVSEDKK,
>[Pseudomonas_sp._Lz4W_TEST] AUB76872.1 molecular chaperone DnaK,-490.9455288,psychrophilic TEST,thermophilic,MGRIIGIDLGTTNSCVSVLENGKAKVIENAEGARTTPSIVAYANDGEILVGQSAKRQAVTNPHNTLYAVKRLIGRRFDEEVVQKDIQMVPYKIAKADNGDAWVEVNGQKMAPPQISAEILKKMKKTAEDYLGEPVTEAVITVPAYFNDSQRQATKDAGRIAGLDVKRIINEPTAAALAYGMDKAKGDHTVIVYDLGGGTFDVSVIEIAEVDGEHQFEVLATNGDTFLGGEDFDIRLIDYLVDEFKKESGMNLKGDPLAMQRLKEAAEKAKIELSSSQSTDVNLPYITADATGPKHLNVKISRAKLESLVEDLVQRTIEPCRTALKDAGIDVGAINDVILVGGQTRMPLVQKLVTEFFGKEARKDVNPDEAVAMGAAIQGAVLAGDVKDVLLLDVSPLTLGIETMGGVMTALIEKNTTIPTKKSQVFSTADDNQGAVTIHVLQGERKQAAQNKSLGKFDLADIPPAPRGVPQIEVTFDIDANGILHVSAKDKATGKSQSIVIKANSGLSEEEIAQMVRDAEVNAEEDRKFEELAAARNQGDALVHSTRKMIADAGDKVTAEEKVAIEAAVVALEAAVKGDDKAAIEAKVEELSKVSAPVAQKMYAEQANPADAAAKPAEEAKADDVVDAEFEEVKDNK,
>[Psychroflexus_gondwanensis_ACAM_44_TEST] EMY81658.1 molecular chaperone protein DnaK,-482.6023197,psychrophilic TEST,thermophilic,MSKIIGIDLGTTNSCVSVMEGNEPTVIPNAEGKRTTPSVIAFVEGGEIKVGDPAKRQAVTNPEKTIASIKRFMGNKFSESKKEVNRVPYKVVKGENDTARVDIDGRMYTPQELSAMILQKMKKTAEDYLGHEVTEAVITVPAYFNDSQRQATKEAGEIAGLKVSRIINEPTAAALAYGLDKKDKDQKIAVFDFGGGTHDVSILELGDGVFEVLATDGDTHLGGDDVDEVIIDWLAEEFIKDEDIDLRKDAMALQRLKEAAEKAKIELSSSSSTEINLPYVTATQSGPKHLVRTFSRSKFEQLTSDLVKRTITPCEKALKAAGLKKSDIDEIILVGGSTRIPAVQKAVEDFFGKKPSKGVNPDEVVAIGAGIQGGVLTGDVKDVLLLDVTPLCLGIETMGGVMTTLIESNTTIPSKKSQVFSTAQDNQPSVEIHVLQGERPMAQDNKTIGRFHLDGIPPSKRGTPQIEVTFDIDANGIIKVSATDKATGKTQDIRIEASSGLTEEEIKKMKQEAEANAEADKKTKEKVDKLNEADAMIFQTESQMKEFGDKISDDKKKPVEDALEELKAAYETKELEKITPALDKLNEAWKTASEEMYKAQADSQKDGGAQQPDQEAGEEKGNDDSDVEDVDFEEVK,
>[Pedobacter_antarcticus_4BY],-431.3793578,psychrophilic TRAINING,psychrophilic,MAKISINLATGSLQKEEIIVGIDLGTTNSLVAFIDPDKNPKVINDTGKGLLVPSIVHFNTAGETVVGHDAREFLISDPANTIFSVKRLLGRSYKDVAAH--QDTFSYKIIDDDSDS-LV--KIQSGGRFYTPVDLSAAILKEL-----KTRAEHALKTPVNRAVITVPAYFNDTQRQATRDAGKLAGIDVLRIVNEPTAASLAYGIGL-DPLEHKTIAVYDLGGGTFDVSILAIQHG-----IFEVLSTHGNTFLGGDDFDRAIVHYWIEKNKID-VQALQKNSGLMQQLRLKAEEAKKALTTQNLFNETLDISSFSGLSPDE--SAGKIWCTINKQTFEDLIAPKVAETMLSCKQAIEDAGISVSAIDEVVLVGGSTRTPYVKAQVAA-FFGKAPHDQLNPDEVVALGAAIQADILAGNR-----SDILLLDVTPLSLGIETMGGLMDVIIPRNAKVPTKGGRQYTTSVDGQVNMKISVYQGERDLVKENRKLAEFELKGIPAMPAGLPKVDINFLLNADGILTVQAIELRSGVKQEIDITPSY-GLTDDTVEKMLVDSITHAEADVAERMRIEAKSEGEQLLYTAERFVEK--NGYVLTAEEISHTKNYIQHLAD----ALADGDKDLILKKADELNEFTRPFAERLMDIAVSQAMKGKSIE--------------------------------------------,
>[Parasedimentitalea_psychrophila],-249.7568253,psychrophilic TRAINING,psychrophilic,---------------MSKVIGIDLGTTNSCVAIMDGSQ-PRVIENAEGARTTPSIVAFTDD-ERLVGQPAKRQAVTNPENTVFGAKRLIGRRFDDKAVTKDQKMVPFSIVNGGNGDAWVQA----KGEKYSPSQISAFTLGKM-----KETAESYLGEEVTQAVITVPAYFNDAQRQATKDAGKIAGLEVLRIINEPTAAALAYGMDK-EE--TQTIAVYDLGGGTFDVTILEIDD-----GLFEVKSTNGDTFLGGEDFDMRIVNYLADQFKKEHGVDLSKDKMALQRLKEAAEKAKIELSSASQTEINQP-----FISMGKDGAPLHMVLKLTRAKLESLVSDLIKASLKPCAAALKDAGLSASDIDEVVLVGGMTRMPRVTEEVSK-FFGKEPHKGVNPDEVVAMGAAIQAGVLQGDV-----KDVVLLDVTPLSLGIETLGGVFTRLIDRNTTIPTKKSQVFSTAEDNQNAVTIRVFQGEREMAADNKILGQFNLESIPPAPRGLPQIEVTFDIDANGIVSVGAKDKGTGKEQQVTIQASG-GLSDADIDQMVKDAEDNAEADKERRELIEAKNQAEGLIHSTERSMEE--HADKVDPTTIEAIELAIVALKD----EVDTDNTDKIKSGIQNVTEAAMKLGEAIYKNAAAEADE-----------------------PAPADAPIDDDIVDAEFEDLDDDKRA,
>[Colwellia_psychrerythraea],-255.9889719,psychrophilic TRAINING,psychrophilic,---------------MTKIIGIDLGTTNSCVAVMEGGI-AKIIENAEGSRTTPSIVAYANN-ETLAGQPAKRQSVTNSTNTLFAIKRLIGRKFDDKEVQKDIKLAPYKIVKADNGDAWVEV----DGKALSPQEVSAQILRKL-----KKDAEAYLGETVTDAVITVPAYFNDSQRQATKDAGKIAGLNVKRIINEPTAAALAYGVDK-NSNADQKVVVYDLGGGTFDLSIIEISNV-DGEKQFEVLATNGDTFLGGEDFDLRLINYLADEFKKESGIDIHQDTLALQRIKEAAEKAKIELSSALQTEVNLP-----YVTADAS-GPKHLNVKVTRAKLESLVDDLVKSTIAPCEQALKDAGLSKADVSEVILVGGQTRMPKVQEAVKT-FFSKEPRKDVNPDEAVAMGAAIQAGVMSGAV-----DDVLLLDVAPLSLGIETLGGVMTKLIEKNTTIPTRASETFSTAEDNQAAVTVHVLQGQREMATDNKSLGQFNLTDINPGPRGSVQVEVTFDIDVNGILNVSAKDKATGKEQSIKITASS-GLTEDEINRMVKEAELHASEDKQKRELVDQRNQADQLIHTVQTSMTS--LAQD----QQTELKTLIEQLKM----AVNGSDKAAIEMRQSALQEAYSKTMQTEQAQSQQAA---------------------QHQGNAANDGAKDEDIIDADFEDVSNG---,
>[Polaromonas_vacuolata],-229.0822733,psychrophilic TRAINING,psychrophilic,---------------MGRIIGIDLGTTNSCVSVMEGNT-PRVIENSEGARTTPSIVAYQEDGEVLVGASAKRQAVTNPRNTLYAVKRLIGRKFSEKEVQKDIDLMPYKIVGADNGDAWVEV----RGKKMSAQQVSADILRKM-----KKTAEDYLGEPVTEAVITVPAYFNDAQRQATKDAGRIAGLDVKRIINEPTAAALAFGLDK-QDKGDRKIAVYDLGGGTFDVSIIEIADV-DGEKQFEVLSTNGDTFLGGEDFDQRIIDFIIAEFKKEQGVDLGKDVLALQRLKEAAEKAKIELSNSAQTDINLP-----YITADAS-GPKHLSLKMTRAKLESLVDELIERTIAPCRVAMKDAGLNVSDIQDVILVGGMTRMPKVQEKVKE-FFGREPRKDINPDEAVAVGAAIQGQVLSGDR-----TDVLLLDVTPLSLGIETMGGVMTKMIKKNTTIPTKFAQTFSTAEDNQPAVTIKVFQGEREIASGNKALGEFNLEGIPPSSRGTPQIEVSFDIDANGILHVGAKDKGTGKENKITIKANS-GLSEAEIQQMVKDAEMNAEDDKKKVEFVQAKNNAEAMVHSVKKSLGE--YGDKLDAGEKEKIETAIKDMEE----ALKGEDKEAIDSKNAALMEASQKLGEKMYADMQASKESGA----------AGEAAQ------DSKAKPADDNVIDAEVKEAKKA---,
>[Rhodoferax_antarcticus_ANT.BR],-230.6980201,psychrophilic TRAINING,psychrophilic,---------------MGKIIGIDLGTTNSCVAIMEGNT-PKVIENSEGARTTPSIIAYQEDGEVLVGASAKRQAVTNPRNTIYAVKRLIGRKFAEKEVQKDIGLMPYKIAAADNGDAWVEV----RGNRMAAQQISADVLRKM-----KKTAEDYLGEPVTEAVITVPAYFNDAQRQATKDAGRIAGLEVKRIINEPTAAALAFGLDK-NEKGDRKIAVYDLGGGTFDISIIEIADV-DGEKQFEVLSTNGDTFLGGEDFDQRIIDYIIGEFKKEQGVDLGKDVLALQRLKEAAEKAKIELSSSAQTDINLP-----YVTADAS-GPKHLNIKLTRAKLESLVDELIERTIAPCRTAMKDAGVSASDINDVILVGGMSRMPKVQEKVKE-LFGKEPRKDVNPDEAVAVGAAIQGQVLSGDR-----TDVLLLDVTPLSLGIETLGGVMTKMITKNTTIPTKFAQTFSTADDNQPAVTIKVFQGEREIASGNKLLGEFNLEGIPPSPRGLPQIEVSFDIDANGILHVGAKDKGTGKENKITIKANS-GLSEAEIQQMVKDAELNAVDDKKKLELVQARNTAEASMHGVNKSLTE--YGDKIDASEKEKIETAMKELEL----ALKGEDKAAIEEKSTALMTVSQKLGEKMYADMQANEAAAA----------QPEAAAGQSSGAQGSGAAHDDNVVDAEVKEVKKP---,
>[Shewanella_eurypsychrophilus],-191.7887887,psychrophilic TRAINING,psychrophilic,---------------MGKIIGIDLGTTNSCVAVLDGNT-PRVLENAEGDRTTPSIVAYTGE-EILVGQPAKRQAVTNPTNTFYAIKRLIGRRFKDDEVQRDVDIMPFKIIGADNGDAWVEA----HGKKMAPPQVSAEILKKM-----KKTAEDFLGEEVTEAVITVPAYFNDSQRQATKDAGRIAGLEVKRIINEPTAAALAYGIDK-K-QGDNIVAVYDLGGGTFDISIIEIDSV-DGEQTFEVLATNGDTHLGGEDFDNRMIKYLADEFEKEQGMNLRKDPLAMQRLKEAAEKAKIELSSTTQTEVNLP-----YITADAS-GPKHLVVKITRAKLESLVEDLITRTLEPLKVALADADLSVSDINEVILVGGQTRMPKVRAEVSE-FFGKELRQDVNPDEAVAIGAAVQAGVLSGEV-----KDVLLLDVTPLSLGIETMGSVMTKLIEKNTTIPTKASQTFSTADDNQSAVTIHVLQGERKQSSGNKSLGQFNLEGIGAAPRGTPQIEVGFDIDADGILHVSATDKKTGKEQKITIKASS-GLSEEEVEAMVRDAEAHADEDAKFEELVTARNQADGMVHATKKQIEE--AGEALPADEKEKIEAAMAAVDT----ATKGNDKEAIDKSTQELMEASSKLMEIAQAKAQAEQGQQA-------------------PEGEAQAAKPDEDVVDAEFEEVKDDKK-,
>[Shewanella_sp._YLB-09],-191.7887887,psychrophilic TRAINING,psychrophilic,---------------MGKIIGIDLGTTNSCVAVLDGNT-PRVLENAEGDRTTPSIVAYTGE-EILVGQPAKRQAVTNPTNTFYAIKRLIGRRFKDDEVQRDVDIMPFKIIGADNGDAWVEA----HGKKMAPPQVSAEILKKM-----KKTAEDFLGEEVTEAVITVPAYFNDSQRQATKDAGRIAGLEVKRIINEPTAAALAYGIDK-K-QGDNIVAVYDLGGGTFDISIIEIDSV-DGEQTFEVLATNGDTHLGGEDFDNRMIKYLADEFEKEQGMNLRKDPLAMQRLKEAAEKAKIELSSTTQTEVNLP-----YITADAS-GPKHLVVKITRAKLESLVEDLITRTLEPLKVALADADLSVSDINEVILVGGQTRMPKVRAEVSE-FFGKELRQDVNPDEAVAIGAAVQAGVLSGEV-----KDVLLLDVTPLSLGIETMGSVMTKLIEKNTTIPTKASQTFSTADDNQSAVTIHVLQGERKQSSGNKSLGQFNLEGIGAAPRGTPQIEVGFDIDADGILHVSATDKKTGKEQKITIKASS-GLSEEEVEAMVRDAEAHADEDAKFEELVTARNQADGMVHATKKQIEE--AGEALPADEKEKIEAAMAAVDT----ATKGNDKEAIDKSTQELMEASSKLMEIAQAKAQAEQGQQA-------------------PEGEAQAAKPDEDVVDAEFEEVKDDKK-,
>[Pseudoalteromonas_distincta],-197.8666394,psychrophilic TRAINING,psychrophilic,---------------MGKIIGIDLGTTNSCVAVLDGGK-ARVIENAEGDRTTPSIIAYTQDGETLVGQSAKRQAVTNPTNTLFAIKRLIGRRFEDEEVQRDIGIMPFKIIKADNGDAWVEA----GGEKRAAPQISAEVLKKM-----KKTAEDFLGEEVTEAVITVPAYFNDSQRQATKDAGRIAGLEVKRIINEPTAAALAYGMDK-N-RGENIVAVYDLGGGTFDLSIIEIDEV-EGEHTFEVLATNGDTHLGGEDFDNRVINYLVAEFKKDQGLDLKTDPLAMQRVKEAAEKAKIELSSAQSTEVNLP-----YVTADAS-GPKHMNVKLTRAKLESLVEDLVTKSLEPLKRALADADLSVSDINDIILVGGQTRMPLVQKTVAD-FFGKEPRKDVNPDEAVAVGAAIQGGVLAGDV-----KDVLLLDVSPLSLGIETMGSVMTALIEKNTTIPTKKSQTFSTAEDNQSAVTIHVLQGERKRSSDNKSLGQFNLEGIRPAQRGTPQIEVTFDVDADGILHVSAKDKDTGKEQKITIQASS-GLSDEEVEKMVRDAEAHAEDDKKFEELVAARNQADALVHGTRKQIEE--AGDALPSEDKEAIEAAVVDLEA----AIKSDNKEEIEAKTQALAEKSQKLMEIAQAKAQQG--SAD-------------------AGEQQQSAKQDDDVVDAEFEEVKDDK--,
>[Colwellia_maris],-183.8539423,psychrophilic TRAINING,psychrophilic,---------------MGKIIGIDLGTTNSCVAVLDGGS-VRVIENAEGDRTTPSIIGYTEDGETLVGQPAKRQSVTNPKNTLYAIKRLIGRRFEDEEVQRDIKIMPFGIVKADNGDAWVTA----RDKNVSPPQVSAEVLKKM-----KKTAEDYLGETVTEAVITVPAYFNDSQRQATKDAGRIAGLDVKRIINEPTAAALAYGMDK-K-EGDKVVAVYDLGGGTFDISIIEIDEV-DGEHTFEVLATNGDTHLGGEDFDNRLINYLVAEFKKDQGMDLTSDPLAMQRLKEAAEKAKCELSSAQQTDVNLP-----YITADAS-GPKHMNIKVTRAKLESLVEDMVKATLIPLKQALKDADLSVSDVNDVILVGGQSRMPMVQKAVTE-FFGKEPRKDVNPDEAVAAGAAIQAGVLSGDV-----TDVLLLDVTPLSLGIETMGGVMTKVIDKNTTIPTKQSQTFSTADDNQSAVTVHVCQGERKQASANKSLGQFNLEGIDAAPRGTPQIEVTFDIDADGILHVTAKDKNTGKEQKITIKASS-GLSDEEVEQMVRDAEANADEDAKFEELVQVRNQADGMIHSTRKQVEE--AGEELPSEDKEKIEAALTELET----AIKGHDKEEIDAKTQALMEASAKLMEIAQAKQQAQSA--P-------------------EGSADADAAPGDDVVDAEFEEVKDDK--,
>[Thalassotalea_psychrophila],-179.8275965,psychrophilic TRAINING,psychrophilic,---------------MGKIIGIDLGTTNSCVAVLDGDS-VRVIENAEGDRTTPSIIAYTAEGETLVGQPAKRQSVTNPENTLYAIKRLIGRRFEDKEVQRDISIMPFGIVKADNGDAWVTA----RDKNVAPPQVSAEVLAKM-----KKTAEDYLGESVTEAVITVPAYFNDSQRQATKDAGRIAGLDVKRIINEPTAAALAYGMDK-Q-EGDRVVAVYDLGGGTFDISIIEIDEV-EGEHTFEVLATNGDTHLGGEDFDNRLINYLVAEFKKDQGMDLTTDPLAMQRLKEAAEKAKCELSSAQQTDVNLP-----YITADAS-GPKHMNIKVTRAKLESLVEDMVKATLEPLKTALADADLSTSDITDVIMVGGQTRMPMVQEAVTN-FFGKEPRKDVNPDEAVASGAAVQAGVLSGDV-----TDVLLLDVTPLSLGIETMGGVMTKVIDKNTTIPTKQSQTFSTAEDNQSAVTVHVVQGERKQASLNKSLGQFNLEGIDAAPRGTPQIEVTFDIDADGILHVTAKDKNTGKEQKITIKASS-GLSDDEVEQMVRDAEVNADADAKFEELVTARNQADGMVHATRTQITE--AGDDLPTEDKEKIEAALTELEE----SLKGDDKEAIDAKSQAVIEASAKLMEIAQAKAQAQGGEAP-------------------EG-QEQQAQPADDVVDAEFEEVKDDKK-,
>[Thalassotalea_fonticola],-179.7585063,psychrophilic TRAINING,psychrophilic,---------------MGKIIGIDLGTTNSCVAVLDGDS-VRVIENAEGDRTTPSIIAYTAEGETLVGQPAKRQSVTNPTNTLFAIKRLIGRRFEDKEVQRDISIMPFGIVKADNGDAWVEA----KGEKVAPPQISAEVIAKM-----KKTAEDFLGESVTEAVITVPAYFNDSQRQATKDAGRIAGLDVKRIINEPTAAALAYGMDK-Q-EGDRVVAVYDLGGGTFDISIIEIDEV-EGEHTFEVLATNGDTHLGGEDFDNRLINYLVAEFKKDQGMDLTTDPLAMQRLKEAAEKAKCELSSAQQTDVNLP-----YITADAS-GPKHMNIKVTRAKLESLVEDMVKATLEPLKIALADADLSTSDITDVIMVGGQTRMPMVQEAVTN-FFGKEPRKDVNPDEAVASGAAVQAGVLSGDV-----TDVLLLDVTPLSLGIETMGGVMTKVIDKNTTIPTKQSQTFSTAEDNQSAVTVHVVQGERKQASLNKSLGQFNLEGIDAAPRGTPQIEVTFDIDADGILHVTAKDKNTGKEQKITIKASS-GLSDDEVEQMVRDAEANADADAKFEELVTARNQADGMVHATRTQITE--AGDDLPTEDKDKIEAALTELEE----ALKGDDKEAIDAKSQAVIEASAKLMEIAQAKAQAQGGAAP-------------------EG-QEPQAQPADDVVDAEFEEVKEDKK-,
>[Thalassotalea_nanhaiensis],-179.1484774,psychrophilic TRAINING,psychrophilic,---------------MGKIIGIDLGTTNSCVAVLDGDS-VRVIENAEGDRTTPSIIAYTAEGETLVGQPAKRQSVTNPTNTLFAIKRLIGRRFEDKEVQRDISIMPFGIVKADNGDAWVEA----KGEKVAPPQISAEVIAKM-----KKTAEDFLGETVTEAVITVPAYFNDSQRQATKDAGRIAGLDVKRIINEPTAAALAYGMDK-Q-EGDRVVAVYDLGGGTFDISIIEIDEV-EGEHTFEVLATNGDTHLGGEDFDNRLINYLVAEFQKDQGMDLTTDPLAMQRLKEAAEKAKCELSSAQQTDVNLP-----YITADAS-GPKHMNIKVTRAKLESLVEDMVKATLEPLKIALADADLSTSDITDVIMVGGQTRMPMVQEAVTN-FFGKEPRKDVNPDEAVASGAAVQAGVLSGDV-----TDVLLLDVTPLSLGIETMGGVMTKVIDKNTTIPTKQSQTFSTAEDNQSAVTVHVVQGERKQASLNKSLGQFNLEGIDAAPRGTPQIEVTFDIDADGILHVTAKDKNTGKEQKITIKASS-GLSDDEVEQMVRDAEANADADAKFEELVTARNQADGMVHATRTQITE--AGDDLPAEDKEKIEAALTELED----VIKGDDKEAIDAKSQAVIEASAKLMEIAQAKAQAQGGAAP-------------------EG-QEQQAQSADDVVDAEFEEVKDDKK-,
>[Cryobacterium_sp._LW097],-288.8917706,psychrophilic TRAINING,psychrophilic,---------------MARAVGIDLGTTNSVVAVLEGGE-PTVIANAEGFRTTPSVVAFTKDGEVLVGETAKRQAVTNVDRTISSVKRHVGTDW------------------------TVDI----DDKKYTPQEISARILAKL-----KRDAEQYLGDKVTDAVITVPAYFNDAERQATKEAGEIAGLNVLRIINEPTAAALAYGLDR-G-KEDELILVFDLGGGTFDVSLLEVGKD-DDFSTIQVRSTSGDNRLGGDDWDQRIVDHLIKRFKDSTGVDVSKDKIAKQRLKEAAEQAKKELSSSMSTSIQLP-----YLSLTENG-PANLDETLTRAQFEKMTEDLLDRTKKPFQDVIREAGVKVEDIAHVVLVGGSTRMPAVYELVKAETGGKDPNKGVNPDEVVAVGAALQAGVLKGER-----KDVLLIDVTPLSLGIETKGGIMTRLIERNTAIPTKRSETFTTADDNQPSVAIQVFQGEREFTRDNKNLGTFELTGIAPAPRGIPQVEVTFDLDANGIVHVSAKDKGTGKEQSMTITGGT-ALGKEDIERMVREGEEHAAEDKRRREAAETRNGAEQLAYSIEKLIKE--NDEKLPDEVKTEVQADVDALKS----ALAGDDDDAVKTAFDKLTESQGKLGEAIYASSQADAAAG-------------ESE---TAEPTAESGNPDEDVVDAEVVDDEDEAKK,
>[Kocuria_polaris],-274.761683,psychrophilic TRAINING,psychrophilic,---------------MSRAVGIDLGTTNSVVSVLEGGE-PTVIANAEGNRTTPSVVAFSKDGETLVGDIAKRQAVTNVDRTIASVKRHMGTGW------------------------STDI----DGKKYTPQEISARILMKL-----KTDAESYLGDKVTDAVITVPAYFNDAERQATKEAGEIAGMNVLRIVNEPTAAALAYGLEK-G-KEDELILVFDLGGGTFDVSLLEVGKDEDDFSTIQVRSTAGDNRLGGDDWDQRVVDWLLAQVKSKTGADLSKDKIALQRLKETAEQAKKELSSATSTSISLQ-----YLSVTPEG-PVHLDERLTRAKFEELTRDLLERTEKPFKDVIAEAGISVSDIDHVVLVGGSTRMPAVAETVQR-LAGKEPNKGVNPDEVVAVGAAIQAGVLKGDR-----KDVLLIDVTPLSLGIETKGGVMTKLIERNTAIPTKRSETFTTAEDNQPSVSIQVFQGERQFTRDNKNLGTFELTGIAPAPRGMPQIEVTFDIDANGIVHVSAKDKGTGTEQSMTITGGS-SLSKEDIDRMVKDAEANAEADRVRREAADLRNNAEQQAYSVDKLLKD--NDEKLPADVKSEVQADVDALKK----ALEGEDEDAVKSAYDKLQQSQTKLGEALYAQSQTEGAEG-------------APG---AG---ATGATGDEDIVDAEVVDDEDEKK-,
>[Methanococcoides_burtonii],-260.8603915,psychrophilic TRAINING,psychrophilic,---------------MGKILGIDLGTTNSCMAVIEGGK-PTVIPNAEGGRTTPSVVGFSKKGDKLVGQVAKRQMIANPGNSVSSIKRHIGEGD-----------------------YKVNL----SGKDYTPQEVSAMILRKL-----KDDAEAYLGETITQTVITVPAYFNDSQRQATKDAGQIAGLEVLRIINEPTAASLAYGLDK-E-EGDHKILVYDLGGGTFDVSILELGDG-----VFEVLSTSGNTHLGGDDFDQRITEFLVEEFKKAEGIDLSNDKAALQRLNDAAEKAKIELSGVASTNVNLP-----FITADSNGQPKHIDIDITRAQFEKMTEDLVAKTLESMKMALSDAKLTTKDIDRVLLIGGSTRTPAVYNLVKN-FIGKDPYKNINPDEAVAVGAAIQAGVLSGEV-----HDVLLLDVTPLTMGIETLGGVATPLIERNTTIPVKKSQIFSTAADSQPSVEIHILQGERGIASANKTLGRFVLDGIPPAPRGLPQIEVTFDIDSNGILHVNAKDLGTGKEQSISIQKPG-GLSDEEIERMVKDAELHAEEDKARKEEVETRNNADSLVNAAENTLKE--AGDVATNEQKEQIEAAIADLKT----ALEGEDLEAIKSKTEALQESVYKVSAAMYEKAQKEASAGA----------EASED---ASGPSSTGSASDDDVVDADYEVVDEDK--,
>[Methanolobus_psychrophilus_R15],-261.741778,psychrophilic TRAINING,psychrophilic,---------------MGKILGIDLGTTNSCMAVIEGGE-PVVIPNAEGGRTTPSVVAFSKKGEKLVGQVAKRQIITNSENSVSSIKRHMGEAN-----------------------YKVTL----GGKDYTPQEISAMILRKL-----KDDAEAYLGETINDVVITVPAYFDDSQRQATKDAGSIAGFNVKRIINEPTAASLAYGLDK-E-SGEHKIMVYDLGGGTFDVSVLELGEG-----VFEVLSTSGDTHLGGDDFDQRIVNHIVSEFKKNEGIDLSKDKAALQRLKDAAEKAKIELSSVTSTNVNLP-----FITADSNGQPKHIDMDLTRPQFEKMVSDLLDKTLVAVNRAMDDAKLKPSDLEKVLLIGGSTRIPAVTELVRK-ATGKEPYKNINPDEAVAVGAAVQAGVLGGEI-----HDVLLLDVTPLTLGIETLGGVATPLIERNTTIPTRKSQVFSTAADSQPSVEIHVLQGERGIASANKTLGRFMLDGIPPAPRGLPQIEVTFDIDANGILHVTAKDLGTGKKQSISIQKPG-GLSEEEIDRMVKDAELHAEEDKKRKEEVEVRNTAESLINAAEKAVKE--AGDIATAEQKSKVEAAIAALKK----ELEGDNIEAISTKTEELQTAVYDISAAMYKKAQEEAAAAG----------TPEEG---A----GQAGSSDENIVDADYEVVDEDKK-,
>[Nonlabens_sp._Ci31],-281.5871577,psychrophilic TRAINING,psychrophilic,---------------MSKIIGIDLGTTNSCVSVMEGSE-PVVIPNAEGKRTTPSVIAFVEGGEIKVGDPAKRQAVTNPTKTVASIKRFMGNKFSE--STKEAGYVPYKVVKGDNDTPRVDI----DGRLYTPQELSAMILQKM-----KKTAEDYLGYEVTGAVITVPAYFNDSQRQATKEAGEIAGLKVERIINEPTAAALAYGLDK-K-DTDQKIVVFDFGGGTHDVSILELGDG-----VFEVLATDGDTHLGGDDVDQKIIDWLADEFKAAEDIDLRKDPMALQRLKEAAEKAKIELSSSAQTEINLP-----YVTATASG-PKHLVKTLTKSAFEKLISDLVKRTIAPCETALKNAGLSTGDIDEIILVGGSTRIPAVQEAVEK-FFGKKPSKGVNPDEVVAVGAAIQGGVLTGDV-----KDVLLLDVTPLSLGIETMGGVMTKLIESNTTIPTKKSQVFSTAADNQPSVEIHVIQGERAMANDNKTIGRFHLSDIPPSRRGTPQIEVTFDIDANGIIKVSAEDKATGKKQDIRIEASS-GLSEEEIEKMKQDAAANADADKKAKETADKLNAADQMIFQTEQQLEE--FGEKLPADKKAPIEEALNELKA----AYESKDLAVIDPALEKLNTVWTAASEEMYKAQADGQGGQP------------GPD---AGG-EAESETDTSDVEDVDFEEVK-----,
>[Acetobacterium_bakii],-267.8460108,psychrophilic TRAINING,psychrophilic,-------------MGKEKIIGIDLGTTNSCVAVLEGGE-AVVIPNAEGNRTTPSVVAFAKDGERLVGQVAKRQAVTNSDRTIASIKRDMGTDR------------------------KVVI----DDKTYTPQEISAMILQKL-----KADAEAYLGEPVNKAVITVPAYFSDAQRQATKDAGRIAGLEVLRIINEPTAAALAYGLDK-S-G-NQKIMVYDLGGGTFDVSVLELGDG-----VFEVKATNGNNHLGGDDFDQKVIDWMAAEFKKTHGFDLKNDKMALQRLKEAAEKAKIELSTVIKTDINLP-----FITATAEG-PQHLELSLTRAKFDELTQDLVKSTVGPVEKAMKDAGIGKHEMDKVILVGGSTRTPAVQETVKN-LTGEDAYKGINPDECVAIGAAIQAGVLAGEV-----HDVLLLDVTPLSLGIETLGGVFTRLIDRNTTIPTKKSQTFSTAADNQTAVDIHVLQGEREMSKDNKTLGRFQLTGIPSARRGIPQIEVTFDIDANGIVNVSAKDMGTGTTQNVVIKSTT-NMSDDEIDAAVREAEQHAEEDKKFKALIEAKNVADSTIYQTEQSLKE--MEGKVSDEDKAKVEDAIAKLKT----ASEGEDAEVITKATETLNEAFYPLAQKLYEEAAAQKTPEE------------QE----------AAAEGEEDVVDAEYEEVKE----,
>[Sporosarcina_globispora],-257.2209718,psychrophilic TRAINING,psychrophilic,---------------MSKIIGIDLGTTNSCVAVLEGGE-PKVIPNPEGNRTTPSVVAFK-NGERQVGEVAKRQSITNPN-TIISIKRHIGTDY------------------------KTEI----EGKEYSPQEVSAIILQYL-----KSYAEDYLGEKVTKAVITVPAYFNDAERQATKDAGRIAGLEVERIINEPTAAALAYGLDK-M-DEDQTILVYDLGGGTFDVSILELGDG-----VFEVKSTAGDNRLGGDDFDQVIIDYLVDQFKKDNGIDLAKDKMALQRLKDAAEKAKKDLSGVTSTQISLP-----FITAGEAG-PLHLEVTLSRAKFEELSADLVERTMGPTRQALKDAGLTPSEIDKIILVGGSTRIPAVQEAIKK-ETGKEPHRGVNPDEVVAMGAAIQGGVITGDV-----KDVVLLDVTPLSLGIETMGGVFTKLIERNTTIPTSKSQVFSTAADNQSAVDIHVLQGERQMAADNKTLGRFQLGDIPPAPRGVPQIEVSFDIDKNGIVNVRAKDLGTNKEQAITIKSST-GLSDEEIDKMVREAEENAEADKKRKEEVELRNEADQLVFTTEKTLKD--LEGKVEEAEVTKANEAKDALKA----AIEKNDLDEIRAKKDALQEVVQALTMKLYEQAQAAQGAQG------------AE--------GAGSKNDDDNVVDAEFEEVKDDK--,
>[Sclerotinia_borealis_F-4128],-365.4179498,psychrophilic TRAINING,psychrophilic,----------MADEVYEGAIGIDLGTTYSCVANYEGTN-VEIIANEQGSFTTPSFVSFTDK-ERLIGESAKNNAAMNPKNTIFDIKRLIGRRFDDPHTTKDIQSWPFTVIDK-EGSPFVQVEYLGEDKVFSPQEISSMVLTKASTPAAREIAEVKLGKKVTKAVITVPAYFNDNQRQATKDAGAIAGLNVLRIINEPTAAAIAYGLGAGKSNKERNVLIYDLGGGTFDVSLLNIQGG-----VFTVKATAGDTHLGGQDFDTNLLDHFKKEFTRKTKKDMSNDPRALRRLRTACERAKRTLSNGASTTVEID-----SLFDG-----EDFNAQITRARFEDLNSKAFNGTLEPVAQVLKDANIDKSKVDEIVLVGGSTRIPRIQKLLSEFFDGKKLEKSINPDEAVAYGAAVQAGILSGKATSAETADLLLLDVVPLSLGVAMEGNIFAPVVARGQTCPTIKKRTFTTVSDGQQTVQFPVFQGERVNCEDNTSLGEFTLAPIPPMKAGEAVLEVVFEVDVNGILKVTATEKTSGRSANITISNSVGKLSSSEIEKMVADAAEFKTSDDAFSKKFESKQQLESYISRVEEIISDPVMSIKFKRGNKEKIESALSDAMAQLEIEDSS--SDDLKKKELALKRAVTKAMSTR-----------------------------------------------------------,
>[Glaciozyma_antarctica],-301.7118113,psychrophilic TRAINING,psychrophilic,------------MTTPGKAIGIDLGTTYSCVGVWQNDR-VEIIANDQGNRTTPSYVGFTDN-ERLIGDAAKNQTAMNPHNTVFDAKRLIGRKFADAEVQSDMKHWPFKIIDK-ATKPIIQVEYRGETKEFTPEEISSMILLKM-----KETAEAYLGTVVTNAVVTVPAYFNDSQRQATKDAGVISGMNVLRIINEPTAAAIAYGLDK-KTVGEKNVLIFDLGGGTFDVSLLTIEEG-----IFEVKATAGDTHLGGEDFDNRLVTHFVGEFKRKNKKDLSTNARALRRLRTACERAKRTLSSAAQTTIEID-----SLFEG----------------------DLFRSTMEPVEKVLKDSKIDKGNVHEIVLVGGSTRIPRVQKLVSDFFNGKEPNKSINPDEAVAYGAAVQAAILTGDTS-EKTQDLLLLDVAPLSTGIETAGGVMTKLIPRNTTVPTKKSETFSTYADNQPGVLIQVFEGERARTKDNNLLGKFELSGIPPAPRGVPQIEVTFDIDANGILNVSAADKTTGKSNKITITNDKGRLSKEEIERMVNEAEQYKAEDEAAAARITAKNGLESYAYNLRNSVEGD-LKDKLEADDKAALDKAITETI-----SCRRGDQYDYEELQKELEAVANPIMQKAYGAGG--------MPQAPPAGGASGGFPG----A-----GGDDG---PSVEEVD-----,
>[Euplotes_focardii],-314.6095494,psychrophilic TRAINING,psychrophilic,--------------MSAPAIGIDLGTTYSCVGVWVNDK-VEIIANDQGLRTTPSYVGFTDS-ERLIGDSAKNQTARNPTNTVFDAKRLIGRKYNDPTVQDDIKLWPFTVKPGVDDKPLIEVQFKGETKTFQPEQISSMVLTKM-----KEVADSYLGKDIKDAVITVPAYFNDSQRQATKDAGVIAGLNVLRIINEPTAAAIAYGLDK-KSSAERNVLIFDLGGGTFDVSLLTIEEG-----IFEVKATSGHTHLGGEDFDQRLVQFCQNDFQKKSKLDITKNPRALRRLRTQCEKAKRILSAAVNAQIECE-----ALAEG-----EDYNCNISRAKFEELWIDLFRKCIPPVEKVLNDSGLSKDQVHDVVLVGGSTRIPKVQQLIKDFFNGKEPNKSINPDEAVAYGAAVQAAILTGEGD-SNVKDLLLLDVAPLSTGIETAGGVMTALIKRNTTIPTKKSQTFTTYADNQPGVLIQVYEGERAMTMDNNLLGKFNLEGIAPAARGIPQIEVTFDIDANGILNVSAVDKATQKENKITITNDKGRLSKDDIEKMVNEAEKYKEEDEKNRKTIEAKNALENYIYTVKNSLEEEKLKDKFTDEDKKTVTDSANEISQWLEANQES-PAEEYEAKQKELEGKFNPIMMKIYQATGGAEGAMPGMPGGMP-GGMPGGMPGGMPGGAPGAAPGGDG---AGVDELD-----,
>[Euplotes_nobilii],-317.4959823,psychrophilic TRAINING,psychrophilic,--------------MTAPAVGIDLGTTYSCVGVWLNDK-VEIIANDQGNRTTPSYVGFTET-ERLIGDAAKNQVARNPKNTVFDAKRLIGRKFNDTVVQDDIKLWPFTVDKGADDKPVIKVEFKGETKTFQAEQISSMVLTKM-----KEIAEAYLGKTVKDAVVTVPAYFNDSQRQATKDAGVIAGLNVLRIINEPTAAAIAYGLDK-KSSAERNVLIFDLGGGTFDVSLLTIEEG-----IFEVKATSGHTHLGGEDFDQRLVAFCQADFKKKSKIAIDDNPRAKRRLRTQCEKAKRILSSAVNAQIECE-----ALSEG-----EDYSTQISRAKFEELCIDLFRKCIPPVEKVLNDSGMSKDQIHDVVLVGGSTRIPKIQQLIKDFFNGKEPNRSINPDEAVAYGAAVQAAILTGEGD-ATVKDLLLLDVAPLSMGIETAGGVMTALIKRNTTIPTKKSQTFTTYADNQPGVLIQVFEGERAMTKDNNLLGKFNLDNIPPAPRGVPQIEVTFDIDANGILNVSAVDKGTGKENKITITNDKGRLSKEDIEKMVNDAEKYKEEDELIKKKTESKNALENYIYTVKNSMEDEKLKEKFTEDDKKTVNEATEEATKWLDANMENGTTEEFDAKLKELESKFNPIMSRIYQAAGGAPGG-EGMPGGMP-GGMPGGFPGGMPGA----APGGDAPGGSGVDDLD-----,
>[Pseudoalteromonas_sp._DL-6_TEST] QBJ64650.1 molecular chaperone DnaK,-206.1647282,psychrophilic TEST,psychrophilic,MGRIIGIDLGTTNSCVAVLDGDKARVIENAEGDRTTPSIIAYTQDGETLVGQPAKRQAVTNPTNTLFAIKRLIGRRFEDEEVQRDIGIMPFKIIKADNGDAWVEAGGEKRAAPQISAEVLKKMKKTAEDFLGEEVTEAVITVPAYFNDSQRQATKDAGRIAGLEVKRIINEPTAAALAYGMDKNRGENVVAVYDLGGGTFDLSIIEIDEVEGEHTFEVLATNGDTHLGGEDFDNRVINYLVAEFKKDQGIDLHNDPLAMQRVKEAAEKAKIELSSAQSTEVNLPYVTADASGPKHMNVKLTRAKLESLVEDLITKSIEPLKRALADADLTVNDINDIILVGGQTRMPLVQKTVAEFFGKEPRKDVNPDEAVAVGAAIQGGVLAGDVKDVLLLDVSPLSLGIETMGSVMTALIEKNTTIPTKKSQTFSTAEDNQSAVTIHVLQGERKRSSDNKSLGQFNLEGIRPAQRGTPQIEVTFDVDADGILHVSAKDKDTGKEQKITIQASSGLSDEEVEKMVRDAEAHAEDDKKFEELVAARNQADALVHGTRKQIEEAGDALPSEDKEAIEAAVVDLEGAIKSDDKAEIEAKTQALAEKSQKLMEIAQAKAQQAGGDAGAEQQQSAKQDDDVVDAEFEEVKDDK,
>[Psychrobacter_sp._SC65A.3_TEST] WAI89090.1 Chaperone protein DnaK,-339.9504534,psychrophilic TEST,psychrophilic,MGKVIGIDLGTTNSCVAVMEGDKVKIIENAEGTRTTPSIVAYKDDEILVGQSAKRQAVTNPNNTLFAIKRLIGRRFDDKVVQKDIGMVPYKIAKADNGDAWVEINGKKLAPPQVSAEILKKMKKTAEDYLGEAVTEAVVTVPAYFNDSQRQATKDAGKIAGLDVKRIINEPTAAALAYGMDKKQGDSTVAVYDLGGGTFDVSIIEIADVDGEQQFEVLATNGDTFLGGEDFDSALIDFLVAEFKKDQDVNLKGDSLAMQRLKEAAEKAKIELSSAQSTEVNLPYITADSSGPKHLVVTISRSKLESLTEELVQRTMGPCKIALEDAGIKIGDIDDVILVGGQTRMPLVQQKVQEFFGQEPRKDVNPDEAVAAGAAIQGAVLSGEKTDVLLLDVTPLTLGIETMGGILTPIIEKNTMIPTKKSQVFSTAEDNQPAVSIQVYQGERKIANQNKQLGRFDLTDIPPAPRGLPQIEVSFDINADGIMNISATDKGTGKAQSIQIKADSGLSDEEVEQMIRDAEANAAEDEKFANLAQVRNEADGRIHAVQKALKDAADKVSDDEKSSVEAAISELEAAAKEDDHEEIKAKLEALDNAFLPVSQKIYADAGASAEGMDPNQFQQGADNAGESNQADDDVVDAEFTEVEDDKK,
>[Rhodonellum_psychrophilum_GCM71_=_DSM_17998_TEST] ERM84768.1 molecular chaperone DnaK,-387.1259964,psychrophilic TEST,psychrophilic,MGKIIGIDLGTTNSCVAVMEGNEPVVIQNSEGRRTTPSIVAFLDNGNGERKVGDPAKRQAITNPTNTISSVKRFMGKRFSEVSEEKKHASYKIEQGPNDTISVKIGDRSYTPQELSAMILQKMKTTAEDFLGHEVTEAVITVPAYFNDAERQATKEAGVIAGLEVKRIINEPTAAALAYGMDKKNQDMKIAVYDLGGGTFDISILELGDGVFEVKSTNGDVHLGGDDFDQVIINWLADEFKSEEQIDLRNDPMALQRLKEASEKAKIELSSSSTTEINLPYITATQTGPKHLVRTLTRAKFEQLADSLVKRSMEPCKKALADSGFSASEIDEVILVGGSTRIPKIQEEVEKFFGKKPSKGVNPDEVVAIGAAIQGGVLTGEVKDVLLLDVTPLSLGIETMGGVFTKLIESNTTIPTKKSEVFSTAADNQPAVDIHVLQGERPLAKDNRTIGRFQLSDIPPSQRGVPQIEVTFDIDANGILNVSAKDKGTGKEQKIKIEASSGLTQEEIQRMKSEAEANAVTDKAEKEKIEKLNQADSLIFQTEKQLKEYGDKLSEGNKANVSGALEALKTAHQTQNLESIDSATENLNKAWEGASQEMYNSTQGGPGAQDAGGDASGTGSADAGDGVSDVDYEEVSEDKK,
>[Pseudomonas_sp._Lz4W_TEST] AUB76872.1 molecular chaperone DnaK,-277.735299,psychrophilic TEST,psychrophilic,MGRIIGIDLGTTNSCVSVLENGKAKVIENAEGARTTPSIVAYANDGEILVGQSAKRQAVTNPHNTLYAVKRLIGRRFDEEVVQKDIQMVPYKIAKADNGDAWVEVNGQKMAPPQISAEILKKMKKTAEDYLGEPVTEAVITVPAYFNDSQRQATKDAGRIAGLDVKRIINEPTAAALAYGMDKAKGDHTVIVYDLGGGTFDVSVIEIAEVDGEHQFEVLATNGDTFLGGEDFDIRLIDYLVDEFKKESGMNLKGDPLAMQRLKEAAEKAKIELSSSQSTDVNLPYITADATGPKHLNVKISRAKLESLVEDLVQRTIEPCRTALKDAGIDVGAINDVILVGGQTRMPLVQKLVTEFFGKEARKDVNPDEAVAMGAAIQGAVLAGDVKDVLLLDVSPLTLGIETMGGVMTALIEKNTTIPTKKSQVFSTADDNQGAVTIHVLQGERKQAAQNKSLGKFDLADIPPAPRGVPQIEVTFDIDANGILHVSAKDKATGKSQSIVIKANSGLSEEEIAQMVRDAEVNAEEDRKFEELAAARNQGDALVHSTRKMIADAGDKVTAEEKVAIEAAVVALEAAVKGDDKAAIEAKVEELSKVSAPVAQKMYAEQANPADAAAKPAEEAKADDVVDAEFEEVKDNK,
>[Psychroflexus_gondwanensis_ACAM_44_TEST] EMY81658.1 molecular chaperone protein DnaK,-363.1953732,psychrophilic TEST,psychrophilic,MSKIIGIDLGTTNSCVSVMEGNEPTVIPNAEGKRTTPSVIAFVEGGEIKVGDPAKRQAVTNPEKTIASIKRFMGNKFSESKKEVNRVPYKVVKGENDTARVDIDGRMYTPQELSAMILQKMKKTAEDYLGHEVTEAVITVPAYFNDSQRQATKEAGEIAGLKVSRIINEPTAAALAYGLDKKDKDQKIAVFDFGGGTHDVSILELGDGVFEVLATDGDTHLGGDDVDEVIIDWLAEEFIKDEDIDLRKDAMALQRLKEAAEKAKIELSSSSSTEINLPYVTATQSGPKHLVRTFSRSKFEQLTSDLVKRTITPCEKALKAAGLKKSDIDEIILVGGSTRIPAVQKAVEDFFGKKPSKGVNPDEVVAIGAGIQGGVLTGDVKDVLLLDVTPLCLGIETMGGVMTTLIESNTTIPSKKSQVFSTAQDNQPSVEIHVLQGERPMAQDNKTIGRFHLDGIPPSKRGTPQIEVTFDIDANGIIKVSATDKATGKTQDIRIEASSGLTEEEIKKMKQEAEANAEADKKTKEKVDKLNEADAMIFQTESQMKEFGDKISDDKKKPVEDALEELKAAYETKELEKITPALDKLNEAWKTASEEMYKAQADSQKDGGAQQPDQEAGEEKGNDDSDVEDVDFEEVK,
>[Thermus_thermophilus_HB8_TEST] sp|Q56235.2|DNAK_THET8 RecName: Full=Chaperone protein DnaK; AltName: Full=HSP70; AltName: Full=Heat shock 70 kDa protein; AltName: Full=Heat shock protein 70,-484.7752018,thermophilic TEST ,psychrophilic,MAKAVGIDLGTTNSVIAVLEGGKPVVLENAEGERVTPSVVAFRDGETLVGRMAKRQAVLNPEGTIFEIKRFIGRRFEEVQEEAKRVPYKVVPGPDGGVRVEVKGKLYTPEEISAMILRKLVEDASKKLGEKITKAVITVPAYFNNAQREATANAGRIAGLEVLRIINEPTAAALAYGLDKKGNETVLVFDLGGGTFDVTILEIGEGVFEVKATSGDTHLGGSDMDHAIVNWLAEEFKKEHGVDLKADRQALQRLIEAAEKAKIELSSTLETTISLPFIALDPASKTPLHLEKKLTRAKFEELIQPLLKRLRGPVEQALKDAGLTPAQIDEVILVGGATRVPAVQQVVRELLGKEPNRSVNPDEVVAMGAAIQAGVLMGEVRDVVLLDVTPLSLGVETKGGVMTVLIPRNTTIPTRKCEIFTTAEHNQTAVEIHVLQGERPMAQDNKSLGRFRLEGIPPMPAGVPQIEVCFDIDANGILHVTAKERSTGREASITIQNTTTLSEEEIQRIIEEAKRHAEEDRRRREHAELKNALDSARVQAERVLQERQGAPEARARLEAAIGKAKELVERDAPDPELKAATEELLKAVEEYEKGAQAASGKGPDDVIDADYKPAD,
>[Thermothelomyces_heterothallicus_CBS_202.75_TEST] KAL2180955.1 Hsp70 protein-domain-containing protein,-1255.112793,thermophilic TEST ,psychrophilic,MSDTAAKPGVEPSERTVIGITFGNSNSSIAHVVDDKAEVIANEDGDRQIPTILSYVEGDEYYGQQAKNFLVRNPRNTIAYFRDFLGKEFKSIDPTHNHASAHPQETGETVSFTVKDKDGEEEAPSTLSVSEVATRYLRRLVGSASEYLGRKVTSAVITVPTNFTDKQKAALIEAAAAADLEVLQLVSEPIAAILAYDGRPEAKIQDKIIVVADLGGTRSDVAVVASRGGMYTVLATVHDYEFAGFALDKVLVDHFAKEFMKKNSGAGDPRENAKSLAKLKLEAEATKRALSLGTNASFSVESLLNGIDFASTINRLRYETIGRAVFEGINRLVESAVKKAGLDVLDVDEVMLVGGTSHTPRIAANLRYIFPQSTRILAPSTETTAVNPSEAEARGAALQASLIRDYEAEDIEQSTHAAVTTVPHVSNAIGVVSVNEAGEDVFVPIVPPDTAVPARRTVHVSAPDGGDVLVKVVEGNTHIKVTQPEPKPKEDGGDDDDKKAKVEDADDSDDSDEDDSDFSDEEEEEEEKREKVWKIGSTLAEAAVKGVKKGGKVEVSITVNSDLSVIVTAREVGGKGAVRGTLASA,
>[Methanosarcina_thermophila_TM-1_TEST] CAB59514.1 heat shock protein 70,-317.1948926,thermophilic TEST ,psychrophilic,MGKILGIDLGTTNSCMAVMEGGEAVVIPNAEGARTTPSVVGFSKKGEKLVGQVAKRQAISNPENTVYSIKRHMGEPNYKVTLQGKHNTPQEISAMILQKLKADAEAYLGEEIKQAVITVPAYFNDAQRQATKDAGTIAGLEVLRIINEPTAASLAYGLDKGEVEQTILVYDLGGGTFDVSILEIGGGVFEVKATSGDTHLGGDDFDQRIVNYLLAEFKKTEGIDLSKDRAVLQRLTDAAEKAKIELSGVASTNINLPFLTVGPDGEPKHLDIDLTRAQFQKMTEDLLEKTLVSMRQALSDAKLTPNDIDKVILIGGATRMPAVVELVENFTGKKPYKNINPDEAVAIGAAIQAGVLGGEVKDILLLDVTPLTLGIETLGGIATPLIPRNTTIPTRKSQIFSTAADNQPSVEIHVLQGERGIASENKTLGRFTLDGIPPAPRGVPQIEVTFDIDANGILHVSAKDLGTGREQSISIQKPGGLTDAEIERMIKDAELHAEEDRKRKEEVETRNNAETLINAAEKTLKEAGDVATEDQKSKVNAAIDDLKKALEGKDAEEIKAKTEALQEAIYPISTAMYQKAAQQAQQAAGGAAGRTDAKGPEETVVDAIMR,
>[Planctomycetota_bacterium_TEST] RMG18613.1 MAG: Hsp70 family protein,-1342.308247,thermophilic TEST ,psychrophilic,MSNEEEKTGSPYVVGIDLGTTNCAVAYVDAELEEGDEGYGQVEVFEIPQLVRAGTVKAQRLLPSFLYLPGEHEVSEAAAALPFEAPEGTIVGAWARDQGAKVPHRLVSSAKSWLCHPGIDRRGAVLPWEADGEEVAKVSPLEAQTRLLRYIRAAWDSVMAADEPAYALAEQEVFLTVPASFDPTARELTVEAARAAGLERVTLLEEPQAAFYAWLEQQGDTWRERLSVGDLVLVLDVGGGTTDLTLIAVREAEGNLVLERVAVGDHLLLGGDNMDLALAHVVATRLGEKGKKLNAWQSRALWLACRAAKETLLSKDKASAPVSVLGRGSKLIGGTLKTELLREDIEKVVFQGFFPACSAEDRPTQRGGAGLAEIGLPFAADAAITRHVAAFLAAQDAEDGTVDGFAYPSALLFNGGVFKGQPMRDAAVKVIDSWLKKAKRDPVEVLAGEDLDLAVARGAAYYGNVRRGRGVRIRGGLGRTYYVGIESSLPAVPGMPAPVKALCAAPFGLEEGSTVDVGDREFSLLVGRPAQFRFFGSTTRKDDEPGDLLDSWEEGELEELSSLEVTLDPGEGLRPGSVIPVTLQATATEVGTLEVHCVARDGRRFKLEWNVREEGE,
>[Spirochaeta_thermophila_DSM_6192_TEST] ADN02804.1 chaperone protein Dank,-388.6881406,thermophilic TEST ,psychrophilic,MGKIIGIDLGTTNSCVAVMEGNEPVVIANSEGQRTTPSVVAFLPNGERLVGQPAKNQMITNPENTIYSIKRFMGRQYSEVGEEIRMVPYKVTQDSRGAVRVEVLGKQYSPEEISAAILQKMKKTAEDYLGEPVTEAVITVPAYFNDAQRQATKDAGRIAGLEVKRILNEPTAAALAYGLGKDQSKEQKIAVFDLGGGTFDISILELGDGVFEVKSTNGDTHLGGDDFDQRIIEWLVENFKKDYGIDLSQDRMALQRLKEAAEKAKKELSTLQETEINLPFITADASGPKHLRYTLTRAKFEQLIEDLLERTKGPCHNALKDAGLKPEDVDVVILVGGSTRVPAVQRIVKEIFGKEPHKGVNPDEVVAMGAAIQAGIIAGDVKDVLLLDVIPLSLGIETLGGVFTKIIERNTTIPTRKTQIFSTATDNQTAVTIHVLQGEREMASQNRSLARFDLVGIPPAPRGVPQIEVTFDVDANGILHVSAKDLATGKEQKIRVEPTSGLNEAEIQRMIREAEANAEADRKARERAEARNEADNLIYYTEKTLRELGDKVGAGDREQIEKAIADLKAVMDSGSTEEIKAKIEVLRQASYKIAEEVYKRAQAGGDVSGGAGGAQGASGKGDVEDADYEVVDDNK,